Title,URL

,https://www.hk01.com/紀實/289576/影像背後-在凶險萬分的加沙邊境-12歲男孩失去了右眼

,https://www.hk01.com/政情/289264/派錢4000-交表者注意-政府大增收表範圍-附全份地點清單

劉鶴「赴美不訪美」的玄機：中美貿易談判形勢樂觀？,https://www.hk01.com/分析評論/289577/劉鶴-赴美不訪美-的玄機-中美貿易談判形勢樂觀

網傳高鐵依賴日本螺絲　官方：佔量極少、發明者從中國榫卯獲靈感,https://www.hk01.com/議事廳/289836/網傳高鐵依賴日本螺絲-官方-佔量極少-發明者從中國榫卯獲靈感

,https://www.hk01.com/即時娛樂/289610/演唱會評論-張學友強調自己係經典歌-其實金曲唔會因時間變老

,https://www.hk01.com/熱爆話題/289579/內地初生嬰肚臍鼓起-父竟拿刀劃開-放氣-馬上掉出半米長小腸

,https://www.hk01.com/樂壇實況/289756/01眾樂迷-許廷鏗-偽人-探討愛情陰暗面-一句歌詞直擊痛處

,https://www.hk01.com/即時體育/221095/英超直播賽程-及時雨孫興慜回歸熱刺-迎屈福特誓報首循環之仇

,https://www.hk01.com/親子/289416/農曆新年-賀年食物健康之選-蒸糕點代替煎炸

台版「超級全能住宅改造王」！網友將客廳變叢林,https://www.hk01.com/開罐/288575/台版-超級全能住宅改造王-網友將客廳變叢林

,https://www.hk01.com/財經快訊/289793/阿里第3季按非會計準則溢利約298億元人民幣-增逾1成-優於預期

,https://www.hk01.com/18區新聞/286067/龍蟠苑更換鹹水喉-房署拖足8年唔肯夾32萬-稱-文件未齊

,https://www.hk01.com/世界說/288686/性蕭條-四-日本-低慾望社會-性產業卻發展蓬勃

【豬年2019】年宵競爭大　維園Eason唱金曲　皇仁男團show肌吸客,https://www.hk01.com/社會新聞/289831/豬年2019-年宵競爭大-維園eason唱金曲-皇仁男團show肌吸客

【01眾樂迷】香港唱片最後一店將結業　開業34年終成港人回憶,https://www.hk01.com/樂壇實況/289138/01眾樂迷-香港唱片最後一店將結業-開業34年終成港人回憶

,https://www.hk01.com/談情說性/288617/奧斯卡-真寵-女人的戰爭-即使甘願被利用-也無法換取愛

,https://www.hk01.com/社會新聞/289742/廚師涉兩姦印傭案-辯稱肚腩大未成事-被裁罪成激動大呼無天理

【性蕭條．四】日本「低慾望社會」　性產業卻發展蓬勃,https://www.hk01.com/世界說/288686/性蕭條-四-日本-低慾望社會-性產業卻發展蓬勃

【影像背後】在凶險萬分的加沙邊境　12歲男孩失去了右眼,https://www.hk01.com/紀實/289576/影像背後-在凶險萬分的加沙邊境-12歲男孩失去了右眼

周黑鴨盈警　料去年純利跌約30%,https://www.hk01.com/財經快訊/289818/周黑鴨盈警-料去年純利跌約30

【議息前瞻】美聯儲加息機率僅1%　市場聚焦會否提早終止「縮表」,https://www.hk01.com/宏觀解讀/289805/議息前瞻-美聯儲加息機率僅1-市場聚焦會否提早終止-縮表

【一格擺兩遺體】殮房火葬場都爆倉　行內人︰三四副靈柩等入禮堂,https://www.hk01.com/18區新聞/289628/一格擺兩遺體-殮房火葬場都爆倉-行內人-三四副靈柩等入禮堂

,https://www.hk01.com/樂壇實況/289674/百姓煉成吳業坤-吳業坤回到從前-將音樂變事業是最大幸福

【足球】戴偉浚外借烏德勒支B隊　牛津聯教練：「對他好的經驗」,https://www.hk01.com/即時體育/289816/足球-戴偉浚外借烏德勒支b隊-牛津聯教練-對他好的經驗

,https://www.hk01.com/樂壇實況/289138/01眾樂迷-香港唱片最後一店將結業-開業34年終成港人回憶

【華為孟晚舟】加拿大不應盲從美國,https://www.hk01.com/01觀點/289411/華為孟晚舟-加拿大不應盲從美國

,https://www.hk01.com/知性女生/289737/遲到最自私-無須找藉口-時時遲到的人-原來在想這些

【年宵2019】旺角花墟年宵開鑼！盤點多款小食燒蠔松露鮑魚撈...,https://www.hk01.com/飲食/289814/年宵2019-旺角花墟年宵開鑼-盤點多款小食燒蠔松露鮑魚撈

,https://www.hk01.com/飲食/289572/尖東酒店下午茶-二人同行-498又食又拎-300禮物美肌兼補濕

,https://www.hk01.com/熱爆話題/289486/媽媽辛苦了-丹麥媽媽生完3胞胎肚皮勁鬆馳-ig誠實分享引共鳴

【盈警】華信金融料去年虧損大增至少250%,https://www.hk01.com/財經快訊/289780/盈警-華信金融料去年虧損大增至少250

,https://www.hk01.com/熱爆話題/289508/台滷肉餐廳設免費愛心餐-助弱勢飽暖過年-食客支持-散銀唔使找

,https://www.hk01.com/熱爆話題/288957/酒池肉林再進化-杭州酒店推九宮格火鍋溫泉-浸辣椒香蕉歎豬肉串

,https://www.hk01.com/形而/289497/專欄-波爾多圍牆也抵擋不住-中菜配紅酒的味蕾攻擊-九鼻子

,https://www.hk01.com/職場/280055/2019豬年十二生肖運程-蘇民峰評運勢排名-教你催財運健康運

【演唱會評論】張學友強調自己係經典歌　其實金曲唔會因時間變老,https://www.hk01.com/即時娛樂/289610/演唱會評論-張學友強調自己係經典歌-其實金曲唔會因時間變老

【拾荒伯猝死】野宿十年　孤單張伯　渠邊猝死　身上僅餘1500元　,https://www.hk01.com/突發/289824/拾荒伯猝死-野宿十年-孤單張伯-渠邊猝死-身上僅餘1500元

為騙千萬保險金　台冷血大學生與後父眼睜睜看着親生阿媽墜崖死,https://www.hk01.com/台灣新聞/289686/為騙千萬保險金-台冷血大學生與後父眼睜睜看着親生阿媽墜崖死

台滷肉餐廳設免費愛心餐　助弱勢飽暖過年　食客支持：散銀唔使找,https://www.hk01.com/熱爆話題/289508/台滷肉餐廳設免費愛心餐-助弱勢飽暖過年-食客支持-散銀唔使找

,https://www.hk01.com/社會新聞/289831/豬年2019-年宵競爭大-維園eason唱金曲-皇仁男團show肌吸客

,https://www.hk01.com/01觀點/289411/華為孟晚舟-加拿大不應盲從美國

,https://www.hk01.com/親子/289463/年宵市場-全港15個年宵市場地圖-維園豬年創意年貨率先睇

,https://www.hk01.com/大國小事/289679/有片-香港警察開微博獲追捧-內地粉絲狂recite警匪片對白洗版

,https://www.hk01.com/形而/289684/買新鞋-奧斯卡影帝收藏了40雙-那些令人著迷的名匠們

,https://www.hk01.com/談情說性/289503/胡杏兒-宣布懷-豬bb-拍拖以結婚為前提-他教我做回小孩

,https://www.hk01.com/社會新聞/289273/豬年2019-銀聯雲閃付贊助維園年宵快餐檔-無得用八達通付款

,https://www.hk01.com/財經快訊/289818/周黑鴨盈警-料去年純利跌約30

,https://www.hk01.com/電影/289500/marvel隊長-俄版最新預告暗藏玄機-brie-larson打電話搵邊個

,https://www.hk01.com/突發/289861/原訂今年結婚-任職財務顧問男被同居女友揭燒炭亡

,https://www.hk01.com/財經快訊/289808/阿里巴巴3大方向撑增長-張勇-新投資需與電商業務具協同效應

,https://www.hk01.com/外媒視點/289636/劉鶴率團赴美談判之際孟晚舟被起訴-日媒-中國克制對美怒火

【10年挑戰肌膚不老？】Clinique iDTM肌底液 逆齡挑戰白滑健康肌,https://www.hk01.com/知性女生/289683/10年挑戰肌膚不老-clinique-idtm肌底液-逆齡挑戰白滑健康肌

【有片】星光大道終重開　增AR技術與李小龍對戰,https://www.hk01.com/社會新聞/289817/有片-星光大道終重開-增ar技術與李小龍對戰

【年宵花市2019】直擊維園年宵設緣分扭蛋機　驚見任何人變任何豬,https://www.hk01.com/知性女生/289629/年宵花市2019-直擊維園年宵設緣分扭蛋機-驚見任何人變任何豬

,https://www.hk01.com/知性女生/289629/年宵花市2019-直擊維園年宵設緣分扭蛋機-驚見任何人變任何豬

蘇施黃原來同黃心穎好老友　搞生日宴仲送埋蛋糕慶生？,https://www.hk01.com/即時娛樂/289112/蘇施黃原來同黃心穎好老友-搞生日宴仲送埋蛋糕慶生

收緊長者綜援在即　立法會最後通牒　羅致光仍在賣弄語言「偽」術,https://www.hk01.com/01觀點/289208/收緊長者綜援在即-立法會最後通牒-羅致光仍在賣弄語言-偽-術

【宮鬥劇有罪】停播《延禧》《如懿傳》　內媒：各間衞視已接通知,https://www.hk01.com/即時中國/289527/宮鬥劇有罪-停播-延禧-如懿傳-內媒-各間衞視已接通知

【專欄】波爾多圍牆也抵擋不住　中菜配紅酒的味蕾攻擊 | 九鼻子,https://www.hk01.com/形而/289497/專欄-波爾多圍牆也抵擋不住-中菜配紅酒的味蕾攻擊-九鼻子

【圖輯】西安騎呢「變臉兵馬俑」爆紅　官方稱因被罵太多將移除,https://www.hk01.com/行走中國/289393/圖輯-西安騎呢-變臉兵馬俑-爆紅-官方稱因被罵太多將移除

,https://www.hk01.com/即時娛樂/289112/蘇施黃原來同黃心穎好老友-搞生日宴仲送埋蛋糕慶生

【尖東酒店下午茶】二人同行$498又食又拎　$300禮物美肌兼補濕,https://www.hk01.com/飲食/289572/尖東酒店下午茶-二人同行-498又食又拎-300禮物美肌兼補濕

【性蕭條．五】性產業升級轉型　日本銀髮族成消費主力,https://www.hk01.com/世界說/288699/性蕭條-五-性產業升級轉型-日本銀髮族成消費主力

,https://www.hk01.com/18區新聞/289628/一格擺兩遺體-殮房火葬場都爆倉-行內人-三四副靈柩等入禮堂

龍蟠苑更換鹹水喉　房署拖足8年唔肯夾32萬　稱︰文件未齊,https://www.hk01.com/18區新聞/286067/龍蟠苑更換鹹水喉-房署拖足8年唔肯夾32萬-稱-文件未齊

,https://www.hk01.com/宏觀解讀/289805/議息前瞻-美聯儲加息機率僅1-市場聚焦會否提早終止-縮表

,https://www.hk01.com/知性女生/289683/10年挑戰肌膚不老-clinique-idtm肌底液-逆齡挑戰白滑健康肌

阿里巴巴3大方向撑增長　張勇：新投資需與電商業務具協同效應,https://www.hk01.com/財經快訊/289808/阿里巴巴3大方向撑增長-張勇-新投資需與電商業務具協同效應

【港足日與夜．盧均宜】轉投富力半季之得失　理想與家庭的抉擇,https://www.hk01.com/即時體育/264890/港足日與夜-盧均宜-轉投富力半季之得失-理想與家庭的抉擇

魂限METAL BUILD 正義女神高達 附原創巨炮GN High Mega Launcher,https://www.hk01.com/遊戲動漫/289233/魂限metal-build-正義女神高達-附原創巨炮gn-high-mega-launcher

【2019農曆新年】唔係蛇齋餅糭　九巴巡迴各區向長者派臘腸,https://www.hk01.com/18區新聞/289549/2019農曆新年-唔係蛇齋餅糭-九巴巡迴各區向長者派臘腸

【百姓煉成吳業坤】吳業坤回到從前　將音樂變事業是最大幸福,https://www.hk01.com/樂壇實況/289674/百姓煉成吳業坤-吳業坤回到從前-將音樂變事業是最大幸福

廚師涉兩姦印傭案　辯稱肚腩大未成事　被裁罪成激動大呼無天理,https://www.hk01.com/社會新聞/289742/廚師涉兩姦印傭案-辯稱肚腩大未成事-被裁罪成激動大呼無天理

,https://www.hk01.com/即時中國/289527/宮鬥劇有罪-停播-延禧-如懿傳-內媒-各間衞視已接通知

,https://www.hk01.com/18區新聞/289549/2019農曆新年-唔係蛇齋餅糭-九巴巡迴各區向長者派臘腸

,https://www.hk01.com/行走中國/289393/圖輯-西安騎呢-變臉兵馬俑-爆紅-官方稱因被罵太多將移除

退休夫婦「基本算術」破解彩票　10年狂賺2億　故事進軍荷里活,https://www.hk01.com/熱爆話題/288851/退休夫婦-基本算術-破解彩票-10年狂賺2億-故事進軍荷里活

BioHazard RE2 生化危機2 攻略：Leon／Claire全武器及配件取得法,https://www.hk01.com/遊戲動漫/289530/biohazard-re2-生化危機2-攻略-leon-claire全武器及配件取得法

,https://www.hk01.com/分析評論/289784/和事佬美國走了-日韓關係正面對撞

【有創意】Last Day玩大啲？　巴西銀行職員變身蜘蛛俠大鬧辦公室,https://www.hk01.com/熱爆話題/289618/有創意-last-day玩大啲-巴西銀行職員變身蜘蛛俠大鬧辦公室

【年宵市場】全港15個年宵市場地圖　維園豬年創意年貨率先睇,https://www.hk01.com/親子/289463/年宵市場-全港15個年宵市場地圖-維園豬年創意年貨率先睇

,https://www.hk01.com/第二身/289569/sub9ulture-by-heyo-福建仔-總有一位係左近

,https://www.hk01.com/即時體育/289816/足球-戴偉浚外借烏德勒支b隊-牛津聯教練-對他好的經驗

,https://www.hk01.com/突發/289853/惡男駕私家車闖城巴車場被阻-拍片爆粗圖公審職員-反被網民圍攻

,https://www.hk01.com/飲食/289814/年宵2019-旺角花墟年宵開鑼-盤點多款小食燒蠔松露鮑魚撈

,https://www.hk01.com/扭耳仔/289820/show-後煙-白目樂隊-可笑的一天-小糕-終於可以穿衣服拍戲

原訂今年結婚　任職財務顧問男被同居女友揭燒炭亡,https://www.hk01.com/突發/289861/原訂今年結婚-任職財務顧問男被同居女友揭燒炭亡

,https://www.hk01.com/紀實/289770/年宵2019-圖輯-豬仔-桃花-風車-美食-維園年宵熱鬧迎新年

【東京魚市場】豐洲VS築地大比併！睇吞拿魚拍賣、搵小店去邊好？,https://www.hk01.com/旅遊/288664/東京魚市場-豐洲vs築地大比併-睇吞拿魚拍賣-搵小店去邊好

【遲到最自私】無須找藉口　時時遲到的人　原來在想這些……,https://www.hk01.com/知性女生/289737/遲到最自私-無須找藉口-時時遲到的人-原來在想這些

,https://www.hk01.com/01觀點/289647/警民關係縱有改善-警方仍須增加透明度

和事佬美國走了　日韓關係正面對撞,https://www.hk01.com/分析評論/289784/和事佬美國走了-日韓關係正面對撞

【年宵2019．圖輯】豬仔、桃花、風車、美食　維園年宵熱鬧迎新年,https://www.hk01.com/紀實/289770/年宵2019-圖輯-豬仔-桃花-風車-美食-維園年宵熱鬧迎新年

,https://www.hk01.com/

警民關係縱有改善　警方仍須增加透明度,https://www.hk01.com/01觀點/289647/警民關係縱有改善-警方仍須增加透明度

甘地：真理遠比任何武器更具威力 (01/30),https://www.hk01.com/哲學/68157/甘地-真理遠比任何武器更具威力-01-30

【熟年紋身】 ALESSANDRO MANFREDINI．突破年齡的紋身愛好者,https://www.hk01.com/第二身/289083/熟年紋身-alessandro-manfredini-突破年齡的紋身愛好者

【 Show 後煙 】白目樂隊 可笑的一天 小糕：終於可以穿衣服拍戲,https://www.hk01.com/扭耳仔/289820/show-後煙-白目樂隊-可笑的一天-小糕-終於可以穿衣服拍戲

,https://www.hk01.com/遊戲動漫/289233/魂限metal-build-正義女神高達-附原創巨炮gn-high-mega-launcher

【Sub9ulture by HEYO】福建仔・總有一位係左近,https://www.hk01.com/第二身/289569/sub9ulture-by-heyo-福建仔-總有一位係左近

【胡杏兒】宣布懷「豬BB」　拍拖以結婚為前提：他教我做回小孩,https://www.hk01.com/談情說性/289503/胡杏兒-宣布懷-豬bb-拍拖以結婚為前提-他教我做回小孩

【派錢4000】交表者注意！　政府大增收表範圍（附全份地點清單),https://www.hk01.com/政情/289264/派錢4000-交表者注意-政府大增收表範圍-附全份地點清單

,https://www.hk01.com/熱爆話題/289618/有創意-last-day玩大啲-巴西銀行職員變身蜘蛛俠大鬧辦公室

,https://www.hk01.com/周報/288901/蔡東豪專欄-老闆照搬管理書理論-打工仔噩夢

不滿情報部門唱反調　特朗普：他們很錯很天真,https://www.hk01.com/即時國際/289844/不滿情報部門唱反調-特朗普-他們很錯很天真

,https://www.hk01.com/議事廳/289836/網傳高鐵依賴日本螺絲-官方-佔量極少-發明者從中國榫卯獲靈感

【蔡東豪專欄】老闆照搬管理書理論　打工仔噩夢,https://www.hk01.com/周報/288901/蔡東豪專欄-老闆照搬管理書理論-打工仔噩夢

,https://www.hk01.com/

,https://www.hk01.com/第二身/289083/熟年紋身-alessandro-manfredini-突破年齡的紋身愛好者

,https://www.hk01.com/01觀點/289208/收緊長者綜援在即-立法會最後通牒-羅致光仍在賣弄語言-偽-術

,https://www.hk01.com/哲學/68157/甘地-真理遠比任何武器更具威力-01-30

,https://www.hk01.com/即時國際/289844/不滿情報部門唱反調-特朗普-他們很錯很天真

阿里第3季按非會計準則溢利約298億元人民幣　增逾1成　優於預期,https://www.hk01.com/財經快訊/289793/阿里第3季按非會計準則溢利約298億元人民幣-增逾1成-優於預期

,https://www.hk01.com/財經快訊/289780/盈警-華信金融料去年虧損大增至少250

,https://www.hk01.com/世界說/288699/性蕭條-五-性產業升級轉型-日本銀髮族成消費主力

【3分鐘放送】林二汶談音樂創作 所有事都可以變靈感,https://www.hk01.com/樂壇實況/289601/3分鐘放送-林二汶談音樂創作-所有事都可以變靈感

,https://www.hk01.com/開罐/288575/台版-超級全能住宅改造王-網友將客廳變叢林

,https://www.hk01.com/熱爆話題/288851/退休夫婦-基本算術-破解彩票-10年狂賺2億-故事進軍荷里活

,https://www.hk01.com/旅遊/288664/東京魚市場-豐洲vs築地大比併-睇吞拿魚拍賣-搵小店去邊好

,https://www.hk01.com/世界說/289743/掌知識-太空旅行團-2019年出發

,https://www.hk01.com/社會新聞/289817/有片-星光大道終重開-增ar技術與李小龍對戰

【有片】香港警察開微博獲追捧　內地粉絲狂recite警匪片對白洗版,https://www.hk01.com/大國小事/289679/有片-香港警察開微博獲追捧-內地粉絲狂recite警匪片對白洗版

,https://www.hk01.com/世界說/289760/日本人提早賞櫻-ar櫻花展一樣咁靚

【奧斯卡】《真寵》女人的戰爭：即使甘願被利用　也無法換取愛　,https://www.hk01.com/談情說性/288617/奧斯卡-真寵-女人的戰爭-即使甘願被利用-也無法換取愛

【01眾故事】鄭伊健與長髮劃上等號　剃光頭立即失業一年,https://www.hk01.com/樂壇實況/288717/01眾故事-鄭伊健與長髮劃上等號-剃光頭立即失業一年

【Marvel隊長】俄版最新預告暗藏玄機　Brie Larson打電話搵邊個,https://www.hk01.com/電影/289500/marvel隊長-俄版最新預告暗藏玄機-brie-larson打電話搵邊個

惡男駕私家車闖城巴車場被阻　拍片爆粗圖公審職員　反被網民圍攻,https://www.hk01.com/突發/289853/惡男駕私家車闖城巴車場被阻-拍片爆粗圖公審職員-反被網民圍攻

,https://www.hk01.com/遊戲動漫/289530/biohazard-re2-生化危機2-攻略-leon-claire全武器及配件取得法

,https://www.hk01.com/台灣新聞/289686/為騙千萬保險金-台冷血大學生與後父眼睜睜看着親生阿媽墜崖死

首頁,https://www.hk01.com/

,https://www.hk01.com/紀實/289770/年宵2019-圖輯-豬仔-桃花-風車-美食-維園年宵熱鬧迎新年

,https://www.hk01.com/哲學/289718/斜槓族-零散化社會的生存選擇-思兼

【豬年2019】銀聯雲閃付贊助維園年宵快餐檔　無得用八達通付款,https://www.hk01.com/社會新聞/289273/豬年2019-銀聯雲閃付贊助維園年宵快餐檔-無得用八達通付款

【歐聯】PSG公布尼馬復出期　保守療法休10周　鐵定缺陣鬥曼聯,https://www.hk01.com/即時體育/289810/歐聯-psg公布尼馬復出期-保守療法休10周-鐵定缺陣鬥曼聯

劉鶴率團赴美談判之際孟晚舟被起訴　日媒：中國克制對美怒火,https://www.hk01.com/外媒視點/289636/劉鶴率團赴美談判之際孟晚舟被起訴-日媒-中國克制對美怒火

【2019豬年十二生肖運程】蘇民峰評運勢排名　教你催財運健康運,https://www.hk01.com/職場/280055/2019豬年十二生肖運程-蘇民峰評運勢排名-教你催財運健康運

,https://www.hk01.com/即時體育/289810/歐聯-psg公布尼馬復出期-保守療法休10周-鐵定缺陣鬥曼聯

日本人提早賞櫻？　AR櫻花展一樣咁靚,https://www.hk01.com/世界說/289760/日本人提早賞櫻-ar櫻花展一樣咁靚

,https://www.hk01.com/突發/289824/拾荒伯猝死-野宿十年-孤單張伯-渠邊猝死-身上僅餘1500元

,https://www.hk01.com/分析評論/289577/劉鶴-赴美不訪美-的玄機-中美貿易談判形勢樂觀

【農曆新年】 賀年食物健康之選　蒸糕點代替煎炸,https://www.hk01.com/親子/289416/農曆新年-賀年食物健康之選-蒸糕點代替煎炸

【掌知識】太空旅行團　2019年出發？,https://www.hk01.com/世界說/289743/掌知識-太空旅行團-2019年出發

,https://www.hk01.com/樂壇實況/288717/01眾故事-鄭伊健與長髮劃上等號-剃光頭立即失業一年

酒池肉林再進化！杭州酒店推九宮格火鍋溫泉　浸辣椒香蕉歎豬肉串,https://www.hk01.com/熱爆話題/288957/酒池肉林再進化-杭州酒店推九宮格火鍋溫泉-浸辣椒香蕉歎豬肉串

,https://www.hk01.com/紀實/289576/影像背後-在凶險萬分的加沙邊境-12歲男孩失去了右眼

媽媽辛苦了！丹麥媽媽生完3胞胎肚皮勁鬆馳　IG誠實分享引共鳴,https://www.hk01.com/熱爆話題/289486/媽媽辛苦了-丹麥媽媽生完3胞胎肚皮勁鬆馳-ig誠實分享引共鳴

【買新鞋】奧斯卡影帝收藏了40雙　那些令人著迷的名匠們,https://www.hk01.com/形而/289684/買新鞋-奧斯卡影帝收藏了40雙-那些令人著迷的名匠們

內地初生嬰肚臍鼓起　父竟拿刀劃開「放氣」　馬上掉出半米長小腸,https://www.hk01.com/熱爆話題/289579/內地初生嬰肚臍鼓起-父竟拿刀劃開-放氣-馬上掉出半米長小腸

【01眾樂迷】許廷鏗《偽人》探討愛情陰暗面　一句歌詞直擊痛處,https://www.hk01.com/樂壇實況/289756/01眾樂迷-許廷鏗-偽人-探討愛情陰暗面-一句歌詞直擊痛處

斜槓族：零散化社會的生存選擇｜思兼,https://www.hk01.com/哲學/289718/斜槓族-零散化社會的生存選擇-思兼

【英超直播賽程】及時雨孫興慜回歸熱刺　迎屈福特誓報首循環之仇,https://www.hk01.com/即時體育/221095/英超直播賽程-及時雨孫興慜回歸熱刺-迎屈福特誓報首循環之仇

,https://www.hk01.com/即時體育/264890/港足日與夜-盧均宜-轉投富力半季之得失-理想與家庭的抉擇

,https://www.hk01.com/樂壇實況/289601/3分鐘放送-林二汶談音樂創作-所有事都可以變靈感

Title,URL

首頁,https://www.hk01.com/

,https://www.hk01.com/01觀點/289647/警民關係縱有改善-警方仍須增加透明度

【Marvel隊長】俄版最新預告暗藏玄機　Brie Larson打電話搵邊個,https://www.hk01.com/電影/289500/marvel隊長-俄版最新預告暗藏玄機-brie-larson打電話搵邊個

【年宵2019】旺角花墟年宵開鑼！盤點多款小食燒蠔松露鮑魚撈...,https://www.hk01.com/飲食/289814/年宵2019-旺角花墟年宵開鑼-盤點多款小食燒蠔松露鮑魚撈

,https://www.hk01.com/世界說/288699/性蕭條-五-性產業升級轉型-日本銀髮族成消費主力

,https://www.hk01.com/即時體育/264890/港足日與夜-盧均宜-轉投富力半季之得失-理想與家庭的抉擇

劉鶴率團赴美談判之際孟晚舟被起訴　日媒：中國克制對美怒火,https://www.hk01.com/外媒視點/289636/劉鶴率團赴美談判之際孟晚舟被起訴-日媒-中國克制對美怒火

【性蕭條．五】性產業升級轉型　日本銀髮族成消費主力,https://www.hk01.com/世界說/288699/性蕭條-五-性產業升級轉型-日本銀髮族成消費主力

,https://www.hk01.com/宏觀解讀/289805/議息前瞻-美聯儲加息機率僅1-市場聚焦會否提早終止-縮表

【01眾故事】鄭伊健與長髮劃上等號　剃光頭立即失業一年,https://www.hk01.com/樂壇實況/288717/01眾故事-鄭伊健與長髮劃上等號-剃光頭立即失業一年

,https://www.hk01.com/樂壇實況/288717/01眾故事-鄭伊健與長髮劃上等號-剃光頭立即失業一年

【Sub9ulture by HEYO】福建仔・總有一位係左近,https://www.hk01.com/第二身/289569/sub9ulture-by-heyo-福建仔-總有一位係左近

惡男駕私家車闖城巴車場被阻　拍片爆粗圖公審職員　反被網民圍攻,https://www.hk01.com/突發/289853/惡男駕私家車闖城巴車場被阻-拍片爆粗圖公審職員-反被網民圍攻

【足球】戴偉浚外借烏德勒支B隊　牛津聯教練：「對他好的經驗」,https://www.hk01.com/即時體育/289816/足球-戴偉浚外借烏德勒支b隊-牛津聯教練-對他好的經驗

周黑鴨盈警　料去年純利跌約30%,https://www.hk01.com/財經快訊/289818/周黑鴨盈警-料去年純利跌約30

阿里第3季按非會計準則溢利約298億元人民幣　增逾1成　優於預期,https://www.hk01.com/財經快訊/289793/阿里第3季按非會計準則溢利約298億元人民幣-增逾1成-優於預期

魂限METAL BUILD 正義女神高達 附原創巨炮GN High Mega Launcher,https://www.hk01.com/遊戲動漫/289233/魂限metal-build-正義女神高達-附原創巨炮gn-high-mega-launcher

【盈警】華信金融料去年虧損大增至少250%,https://www.hk01.com/財經快訊/289780/盈警-華信金融料去年虧損大增至少250

【港足日與夜．盧均宜】轉投富力半季之得失　理想與家庭的抉擇,https://www.hk01.com/即時體育/264890/港足日與夜-盧均宜-轉投富力半季之得失-理想與家庭的抉擇

,https://www.hk01.com/樂壇實況/289138/01眾樂迷-香港唱片最後一店將結業-開業34年終成港人回憶

【10年挑戰肌膚不老？】Clinique iDTM肌底液 逆齡挑戰白滑健康肌,https://www.hk01.com/知性女生/289683/10年挑戰肌膚不老-clinique-idtm肌底液-逆齡挑戰白滑健康肌

,https://www.hk01.com/外媒視點/289636/劉鶴率團赴美談判之際孟晚舟被起訴-日媒-中國克制對美怒火

,https://www.hk01.com/電影/289500/marvel隊長-俄版最新預告暗藏玄機-brie-larson打電話搵邊個

,https://www.hk01.com/社會新聞/289817/有片-星光大道終重開-增ar技術與李小龍對戰

,https://www.hk01.com/樂壇實況/289756/01眾樂迷-許廷鏗-偽人-探討愛情陰暗面-一句歌詞直擊痛處

,https://www.hk01.com/突發/289861/原訂今年結婚-任職財務顧問男被同居女友揭燒炭亡

,https://www.hk01.com/熱爆話題/288957/酒池肉林再進化-杭州酒店推九宮格火鍋溫泉-浸辣椒香蕉歎豬肉串

【議息前瞻】美聯儲加息機率僅1%　市場聚焦會否提早終止「縮表」,https://www.hk01.com/宏觀解讀/289805/議息前瞻-美聯儲加息機率僅1-市場聚焦會否提早終止-縮表

,https://www.hk01.com/職場/280055/2019豬年十二生肖運程-蘇民峰評運勢排名-教你催財運健康運

,https://www.hk01.com/世界說/289760/日本人提早賞櫻-ar櫻花展一樣咁靚

【歐聯】PSG公布尼馬復出期　保守療法休10周　鐵定缺陣鬥曼聯,https://www.hk01.com/即時體育/289810/歐聯-psg公布尼馬復出期-保守療法休10周-鐵定缺陣鬥曼聯

,https://www.hk01.com/第二身/289569/sub9ulture-by-heyo-福建仔-總有一位係左近

,https://www.hk01.com/

【胡杏兒】宣布懷「豬BB」　拍拖以結婚為前提：他教我做回小孩,https://www.hk01.com/談情說性/289503/胡杏兒-宣布懷-豬bb-拍拖以結婚為前提-他教我做回小孩

【派錢4000】交表者注意！　政府大增收表範圍（附全份地點清單),https://www.hk01.com/政情/289264/派錢4000-交表者注意-政府大增收表範圍-附全份地點清單

【英超直播賽程】及時雨孫興慜回歸熱刺　迎屈福特誓報首循環之仇,https://www.hk01.com/即時體育/221095/英超直播賽程-及時雨孫興慜回歸熱刺-迎屈福特誓報首循環之仇

,https://www.hk01.com/形而/289497/專欄-波爾多圍牆也抵擋不住-中菜配紅酒的味蕾攻擊-九鼻子

【掌知識】太空旅行團　2019年出發？,https://www.hk01.com/世界說/289743/掌知識-太空旅行團-2019年出發

,https://www.hk01.com/紀實/289576/影像背後-在凶險萬分的加沙邊境-12歲男孩失去了右眼

,https://www.hk01.com/旅遊/288664/東京魚市場-豐洲vs築地大比併-睇吞拿魚拍賣-搵小店去邊好

,https://www.hk01.com/樂壇實況/289674/百姓煉成吳業坤-吳業坤回到從前-將音樂變事業是最大幸福

【尖東酒店下午茶】二人同行$498又食又拎　$300禮物美肌兼補濕,https://www.hk01.com/飲食/289572/尖東酒店下午茶-二人同行-498又食又拎-300禮物美肌兼補濕

,https://www.hk01.com/熱爆話題/288851/退休夫婦-基本算術-破解彩票-10年狂賺2億-故事進軍荷里活

【蔡東豪專欄】老闆照搬管理書理論　打工仔噩夢,https://www.hk01.com/周報/288901/蔡東豪專欄-老闆照搬管理書理論-打工仔噩夢

,https://www.hk01.com/熱爆話題/289579/內地初生嬰肚臍鼓起-父竟拿刀劃開-放氣-馬上掉出半米長小腸

,https://www.hk01.com/親子/289416/農曆新年-賀年食物健康之選-蒸糕點代替煎炸

【華為孟晚舟】加拿大不應盲從美國,https://www.hk01.com/01觀點/289411/華為孟晚舟-加拿大不應盲從美國

收緊長者綜援在即　立法會最後通牒　羅致光仍在賣弄語言「偽」術,https://www.hk01.com/01觀點/289208/收緊長者綜援在即-立法會最後通牒-羅致光仍在賣弄語言-偽-術

,https://www.hk01.com/突發/289824/拾荒伯猝死-野宿十年-孤單張伯-渠邊猝死-身上僅餘1500元

【01眾樂迷】香港唱片最後一店將結業　開業34年終成港人回憶,https://www.hk01.com/樂壇實況/289138/01眾樂迷-香港唱片最後一店將結業-開業34年終成港人回憶

【圖輯】西安騎呢「變臉兵馬俑」爆紅　官方稱因被罵太多將移除,https://www.hk01.com/行走中國/289393/圖輯-西安騎呢-變臉兵馬俑-爆紅-官方稱因被罵太多將移除

【01眾樂迷】許廷鏗《偽人》探討愛情陰暗面　一句歌詞直擊痛處,https://www.hk01.com/樂壇實況/289756/01眾樂迷-許廷鏗-偽人-探討愛情陰暗面-一句歌詞直擊痛處

,https://www.hk01.com/即時娛樂/289610/演唱會評論-張學友強調自己係經典歌-其實金曲唔會因時間變老

媽媽辛苦了！丹麥媽媽生完3胞胎肚皮勁鬆馳　IG誠實分享引共鳴,https://www.hk01.com/熱爆話題/289486/媽媽辛苦了-丹麥媽媽生完3胞胎肚皮勁鬆馳-ig誠實分享引共鳴

,https://www.hk01.com/知性女生/289737/遲到最自私-無須找藉口-時時遲到的人-原來在想這些

廚師涉兩姦印傭案　辯稱肚腩大未成事　被裁罪成激動大呼無天理,https://www.hk01.com/社會新聞/289742/廚師涉兩姦印傭案-辯稱肚腩大未成事-被裁罪成激動大呼無天理

龍蟠苑更換鹹水喉　房署拖足8年唔肯夾32萬　稱︰文件未齊,https://www.hk01.com/18區新聞/286067/龍蟠苑更換鹹水喉-房署拖足8年唔肯夾32萬-稱-文件未齊

,https://www.hk01.com/大國小事/289679/有片-香港警察開微博獲追捧-內地粉絲狂recite警匪片對白洗版

【性蕭條．四】日本「低慾望社會」　性產業卻發展蓬勃,https://www.hk01.com/世界說/288686/性蕭條-四-日本-低慾望社會-性產業卻發展蓬勃

台滷肉餐廳設免費愛心餐　助弱勢飽暖過年　食客支持：散銀唔使找,https://www.hk01.com/熱爆話題/289508/台滷肉餐廳設免費愛心餐-助弱勢飽暖過年-食客支持-散銀唔使找

,https://www.hk01.com/01觀點/289208/收緊長者綜援在即-立法會最後通牒-羅致光仍在賣弄語言-偽-術

,https://www.hk01.com/熱爆話題/289618/有創意-last-day玩大啲-巴西銀行職員變身蜘蛛俠大鬧辦公室

,https://www.hk01.com/世界說/288686/性蕭條-四-日本-低慾望社會-性產業卻發展蓬勃

【拾荒伯猝死】野宿十年　孤單張伯　渠邊猝死　身上僅餘1500元　,https://www.hk01.com/突發/289824/拾荒伯猝死-野宿十年-孤單張伯-渠邊猝死-身上僅餘1500元

【有創意】Last Day玩大啲？　巴西銀行職員變身蜘蛛俠大鬧辦公室,https://www.hk01.com/熱爆話題/289618/有創意-last-day玩大啲-巴西銀行職員變身蜘蛛俠大鬧辦公室

【豬年2019】銀聯雲閃付贊助維園年宵快餐檔　無得用八達通付款,https://www.hk01.com/社會新聞/289273/豬年2019-銀聯雲閃付贊助維園年宵快餐檔-無得用八達通付款

為騙千萬保險金　台冷血大學生與後父眼睜睜看着親生阿媽墜崖死,https://www.hk01.com/台灣新聞/289686/為騙千萬保險金-台冷血大學生與後父眼睜睜看着親生阿媽墜崖死

酒池肉林再進化！杭州酒店推九宮格火鍋溫泉　浸辣椒香蕉歎豬肉串,https://www.hk01.com/熱爆話題/288957/酒池肉林再進化-杭州酒店推九宮格火鍋溫泉-浸辣椒香蕉歎豬肉串

,https://www.hk01.com/財經快訊/289808/阿里巴巴3大方向撑增長-張勇-新投資需與電商業務具協同效應

,https://www.hk01.com/即時中國/289527/宮鬥劇有罪-停播-延禧-如懿傳-內媒-各間衞視已接通知

,https://www.hk01.com/社會新聞/289273/豬年2019-銀聯雲閃付贊助維園年宵快餐檔-無得用八達通付款

,https://www.hk01.com/扭耳仔/289820/show-後煙-白目樂隊-可笑的一天-小糕-終於可以穿衣服拍戲

,https://www.hk01.com/突發/289853/惡男駕私家車闖城巴車場被阻-拍片爆粗圖公審職員-反被網民圍攻

,https://www.hk01.com/知性女生/289629/年宵花市2019-直擊維園年宵設緣分扭蛋機-驚見任何人變任何豬

,https://www.hk01.com/遊戲動漫/289233/魂限metal-build-正義女神高達-附原創巨炮gn-high-mega-launcher

【奧斯卡】《真寵》女人的戰爭：即使甘願被利用　也無法換取愛　,https://www.hk01.com/談情說性/288617/奧斯卡-真寵-女人的戰爭-即使甘願被利用-也無法換取愛

內地初生嬰肚臍鼓起　父竟拿刀劃開「放氣」　馬上掉出半米長小腸,https://www.hk01.com/熱爆話題/289579/內地初生嬰肚臍鼓起-父竟拿刀劃開-放氣-馬上掉出半米長小腸

,https://www.hk01.com/紀實/289770/年宵2019-圖輯-豬仔-桃花-風車-美食-維園年宵熱鬧迎新年

【有片】香港警察開微博獲追捧　內地粉絲狂recite警匪片對白洗版,https://www.hk01.com/大國小事/289679/有片-香港警察開微博獲追捧-內地粉絲狂recite警匪片對白洗版

,https://www.hk01.com/親子/289463/年宵市場-全港15個年宵市場地圖-維園豬年創意年貨率先睇

,https://www.hk01.com/樂壇實況/289601/3分鐘放送-林二汶談音樂創作-所有事都可以變靈感

【遲到最自私】無須找藉口　時時遲到的人　原來在想這些……,https://www.hk01.com/知性女生/289737/遲到最自私-無須找藉口-時時遲到的人-原來在想這些

和事佬美國走了　日韓關係正面對撞,https://www.hk01.com/分析評論/289784/和事佬美國走了-日韓關係正面對撞

,https://www.hk01.com/財經快訊/289793/阿里第3季按非會計準則溢利約298億元人民幣-增逾1成-優於預期

,https://www.hk01.com/議事廳/289836/網傳高鐵依賴日本螺絲-官方-佔量極少-發明者從中國榫卯獲靈感

,https://www.hk01.com/即時體育/289816/足球-戴偉浚外借烏德勒支b隊-牛津聯教練-對他好的經驗

【宮鬥劇有罪】停播《延禧》《如懿傳》　內媒：各間衞視已接通知,https://www.hk01.com/即時中國/289527/宮鬥劇有罪-停播-延禧-如懿傳-內媒-各間衞視已接通知

【買新鞋】奧斯卡影帝收藏了40雙　那些令人著迷的名匠們,https://www.hk01.com/形而/289684/買新鞋-奧斯卡影帝收藏了40雙-那些令人著迷的名匠們

,https://www.hk01.com/第二身/289083/熟年紋身-alessandro-manfredini-突破年齡的紋身愛好者

,https://www.hk01.com/台灣新聞/289686/為騙千萬保險金-台冷血大學生與後父眼睜睜看着親生阿媽墜崖死

甘地：真理遠比任何武器更具威力 (01/30),https://www.hk01.com/哲學/68157/甘地-真理遠比任何武器更具威力-01-30

,https://www.hk01.com/世界說/289743/掌知識-太空旅行團-2019年出發

【年宵花市2019】直擊維園年宵設緣分扭蛋機　驚見任何人變任何豬,https://www.hk01.com/知性女生/289629/年宵花市2019-直擊維園年宵設緣分扭蛋機-驚見任何人變任何豬

警民關係縱有改善　警方仍須增加透明度,https://www.hk01.com/01觀點/289647/警民關係縱有改善-警方仍須增加透明度

,https://www.hk01.com/紀實/289770/年宵2019-圖輯-豬仔-桃花-風車-美食-維園年宵熱鬧迎新年

,https://www.hk01.com/行走中國/289393/圖輯-西安騎呢-變臉兵馬俑-爆紅-官方稱因被罵太多將移除

,https://www.hk01.com/紀實/289576/影像背後-在凶險萬分的加沙邊境-12歲男孩失去了右眼

,https://www.hk01.com/熱爆話題/289508/台滷肉餐廳設免費愛心餐-助弱勢飽暖過年-食客支持-散銀唔使找

,https://www.hk01.com/熱爆話題/289486/媽媽辛苦了-丹麥媽媽生完3胞胎肚皮勁鬆馳-ig誠實分享引共鳴

【熟年紋身】 ALESSANDRO MANFREDINI．突破年齡的紋身愛好者,https://www.hk01.com/第二身/289083/熟年紋身-alessandro-manfredini-突破年齡的紋身愛好者

蘇施黃原來同黃心穎好老友　搞生日宴仲送埋蛋糕慶生？,https://www.hk01.com/即時娛樂/289112/蘇施黃原來同黃心穎好老友-搞生日宴仲送埋蛋糕慶生

,https://www.hk01.com/飲食/289572/尖東酒店下午茶-二人同行-498又食又拎-300禮物美肌兼補濕

【有片】星光大道終重開　增AR技術與李小龍對戰,https://www.hk01.com/社會新聞/289817/有片-星光大道終重開-增ar技術與李小龍對戰

【一格擺兩遺體】殮房火葬場都爆倉　行內人︰三四副靈柩等入禮堂,https://www.hk01.com/18區新聞/289628/一格擺兩遺體-殮房火葬場都爆倉-行內人-三四副靈柩等入禮堂

原訂今年結婚　任職財務顧問男被同居女友揭燒炭亡,https://www.hk01.com/突發/289861/原訂今年結婚-任職財務顧問男被同居女友揭燒炭亡

【豬年2019】年宵競爭大　維園Eason唱金曲　皇仁男團show肌吸客,https://www.hk01.com/社會新聞/289831/豬年2019-年宵競爭大-維園eason唱金曲-皇仁男團show肌吸客

【2019農曆新年】唔係蛇齋餅糭　九巴巡迴各區向長者派臘腸,https://www.hk01.com/18區新聞/289549/2019農曆新年-唔係蛇齋餅糭-九巴巡迴各區向長者派臘腸

,https://www.hk01.com/01觀點/289411/華為孟晚舟-加拿大不應盲從美國

,https://www.hk01.com/財經快訊/289780/盈警-華信金融料去年虧損大增至少250

,https://www.hk01.com/即時國際/289844/不滿情報部門唱反調-特朗普-他們很錯很天真

,https://www.hk01.com/即時體育/221095/英超直播賽程-及時雨孫興慜回歸熱刺-迎屈福特誓報首循環之仇

【百姓煉成吳業坤】吳業坤回到從前　將音樂變事業是最大幸福,https://www.hk01.com/樂壇實況/289674/百姓煉成吳業坤-吳業坤回到從前-將音樂變事業是最大幸福

【專欄】波爾多圍牆也抵擋不住　中菜配紅酒的味蕾攻擊 | 九鼻子,https://www.hk01.com/形而/289497/專欄-波爾多圍牆也抵擋不住-中菜配紅酒的味蕾攻擊-九鼻子

【年宵市場】全港15個年宵市場地圖　維園豬年創意年貨率先睇,https://www.hk01.com/親子/289463/年宵市場-全港15個年宵市場地圖-維園豬年創意年貨率先睇

不滿情報部門唱反調　特朗普：他們很錯很天真,https://www.hk01.com/即時國際/289844/不滿情報部門唱反調-特朗普-他們很錯很天真

【 Show 後煙 】白目樂隊 可笑的一天 小糕：終於可以穿衣服拍戲,https://www.hk01.com/扭耳仔/289820/show-後煙-白目樂隊-可笑的一天-小糕-終於可以穿衣服拍戲

BioHazard RE2 生化危機2 攻略：Leon／Claire全武器及配件取得法,https://www.hk01.com/遊戲動漫/289530/biohazard-re2-生化危機2-攻略-leon-claire全武器及配件取得法

,https://www.hk01.com/哲學/68157/甘地-真理遠比任何武器更具威力-01-30

,https://www.hk01.com/知性女生/289683/10年挑戰肌膚不老-clinique-idtm肌底液-逆齡挑戰白滑健康肌

,https://www.hk01.com/飲食/289814/年宵2019-旺角花墟年宵開鑼-盤點多款小食燒蠔松露鮑魚撈

,https://www.hk01.com/即時娛樂/289112/蘇施黃原來同黃心穎好老友-搞生日宴仲送埋蛋糕慶生

退休夫婦「基本算術」破解彩票　10年狂賺2億　故事進軍荷里活,https://www.hk01.com/熱爆話題/288851/退休夫婦-基本算術-破解彩票-10年狂賺2億-故事進軍荷里活

,https://www.hk01.com/社會新聞/289831/豬年2019-年宵競爭大-維園eason唱金曲-皇仁男團show肌吸客

,https://www.hk01.com/談情說性/288617/奧斯卡-真寵-女人的戰爭-即使甘願被利用-也無法換取愛

,https://www.hk01.com/談情說性/289503/胡杏兒-宣布懷-豬bb-拍拖以結婚為前提-他教我做回小孩

,https://www.hk01.com/政情/289264/派錢4000-交表者注意-政府大增收表範圍-附全份地點清單

,https://www.hk01.com/社會新聞/289742/廚師涉兩姦印傭案-辯稱肚腩大未成事-被裁罪成激動大呼無天理

【東京魚市場】豐洲VS築地大比併！睇吞拿魚拍賣、搵小店去邊好？,https://www.hk01.com/旅遊/288664/東京魚市場-豐洲vs築地大比併-睇吞拿魚拍賣-搵小店去邊好

,https://www.hk01.com/

劉鶴「赴美不訪美」的玄機：中美貿易談判形勢樂觀？,https://www.hk01.com/分析評論/289577/劉鶴-赴美不訪美-的玄機-中美貿易談判形勢樂觀

,https://www.hk01.com/18區新聞/289549/2019農曆新年-唔係蛇齋餅糭-九巴巡迴各區向長者派臘腸

【演唱會評論】張學友強調自己係經典歌　其實金曲唔會因時間變老,https://www.hk01.com/即時娛樂/289610/演唱會評論-張學友強調自己係經典歌-其實金曲唔會因時間變老

,https://www.hk01.com/18區新聞/286067/龍蟠苑更換鹹水喉-房署拖足8年唔肯夾32萬-稱-文件未齊

阿里巴巴3大方向撑增長　張勇：新投資需與電商業務具協同效應,https://www.hk01.com/財經快訊/289808/阿里巴巴3大方向撑增長-張勇-新投資需與電商業務具協同效應

,https://www.hk01.com/開罐/288575/台版-超級全能住宅改造王-網友將客廳變叢林

,https://www.hk01.com/周報/288901/蔡東豪專欄-老闆照搬管理書理論-打工仔噩夢

【年宵2019．圖輯】豬仔、桃花、風車、美食　維園年宵熱鬧迎新年,https://www.hk01.com/紀實/289770/年宵2019-圖輯-豬仔-桃花-風車-美食-維園年宵熱鬧迎新年

,https://www.hk01.com/形而/289684/買新鞋-奧斯卡影帝收藏了40雙-那些令人著迷的名匠們

網傳高鐵依賴日本螺絲　官方：佔量極少、發明者從中國榫卯獲靈感,https://www.hk01.com/議事廳/289836/網傳高鐵依賴日本螺絲-官方-佔量極少-發明者從中國榫卯獲靈感

,https://www.hk01.com/即時體育/289810/歐聯-psg公布尼馬復出期-保守療法休10周-鐵定缺陣鬥曼聯

日本人提早賞櫻？　AR櫻花展一樣咁靚,https://www.hk01.com/世界說/289760/日本人提早賞櫻-ar櫻花展一樣咁靚

,https://www.hk01.com/財經快訊/289818/周黑鴨盈警-料去年純利跌約30

【3分鐘放送】林二汶談音樂創作 所有事都可以變靈感,https://www.hk01.com/樂壇實況/289601/3分鐘放送-林二汶談音樂創作-所有事都可以變靈感

,https://www.hk01.com/遊戲動漫/289530/biohazard-re2-生化危機2-攻略-leon-claire全武器及配件取得法

【2019豬年十二生肖運程】蘇民峰評運勢排名　教你催財運健康運,https://www.hk01.com/職場/280055/2019豬年十二生肖運程-蘇民峰評運勢排名-教你催財運健康運

斜槓族：零散化社會的生存選擇｜思兼,https://www.hk01.com/哲學/289718/斜槓族-零散化社會的生存選擇-思兼

【農曆新年】 賀年食物健康之選　蒸糕點代替煎炸,https://www.hk01.com/親子/289416/農曆新年-賀年食物健康之選-蒸糕點代替煎炸

,https://www.hk01.com/哲學/289718/斜槓族-零散化社會的生存選擇-思兼

【影像背後】在凶險萬分的加沙邊境　12歲男孩失去了右眼,https://www.hk01.com/紀實/289576/影像背後-在凶險萬分的加沙邊境-12歲男孩失去了右眼

,https://www.hk01.com/分析評論/289577/劉鶴-赴美不訪美-的玄機-中美貿易談判形勢樂觀

,https://www.hk01.com/18區新聞/289628/一格擺兩遺體-殮房火葬場都爆倉-行內人-三四副靈柩等入禮堂

,https://www.hk01.com/分析評論/289784/和事佬美國走了-日韓關係正面對撞

台版「超級全能住宅改造王」！網友將客廳變叢林,https://www.hk01.com/開罐/288575/台版-超級全能住宅改造王-網友將客廳變叢林

,https://www.hk01.com/紀實/289770/年宵2019-圖輯-豬仔-桃花-風車-美食-維園年宵熱鬧迎新年

【年宵市場】全港15個年宵市場地圖　維園豬年創意年貨率先睇,https://www.hk01.com/親子/289463/年宵市場-全港15個年宵市場地圖-維園豬年創意年貨率先睇

,https://www.hk01.com/熱爆話題/289486/媽媽辛苦了-丹麥媽媽生完3胞胎肚皮勁鬆馳-ig誠實分享引共鳴

【歐聯】PSG公布尼馬復出期　保守療法休10周　鐵定缺陣鬥曼聯,https://www.hk01.com/即時體育/289810/歐聯-psg公布尼馬復出期-保守療法休10周-鐵定缺陣鬥曼聯

,https://www.hk01.com/樂壇實況/289138/01眾樂迷-香港唱片最後一店將結業-開業34年終成港人回憶

,https://www.hk01.com/世界說/288699/性蕭條-五-性產業升級轉型-日本銀髮族成消費主力

,https://www.hk01.com/飲食/289814/年宵2019-旺角花墟年宵開鑼-盤點多款小食燒蠔松露鮑魚撈

,https://www.hk01.com/飲食/289572/尖東酒店下午茶-二人同行-498又食又拎-300禮物美肌兼補濕

【派錢4000】交表者注意！　政府大增收表範圍（附全份地點清單),https://www.hk01.com/政情/289264/派錢4000-交表者注意-政府大增收表範圍-附全份地點清單

【 Show 後煙 】白目樂隊 可笑的一天 小糕：終於可以穿衣服拍戲,https://www.hk01.com/扭耳仔/289820/show-後煙-白目樂隊-可笑的一天-小糕-終於可以穿衣服拍戲

,https://www.hk01.com/形而/289684/買新鞋-奧斯卡影帝收藏了40雙-那些令人著迷的名匠們

,https://www.hk01.com/親子/289463/年宵市場-全港15個年宵市場地圖-維園豬年創意年貨率先睇

,https://www.hk01.com/遊戲動漫/289233/魂限metal-build-正義女神高達-附原創巨炮gn-high-mega-launcher

,https://www.hk01.com/01觀點/289647/警民關係縱有改善-警方仍須增加透明度

內地初生嬰肚臍鼓起　父竟拿刀劃開「放氣」　馬上掉出半米長小腸,https://www.hk01.com/熱爆話題/289579/內地初生嬰肚臍鼓起-父竟拿刀劃開-放氣-馬上掉出半米長小腸

台版「超級全能住宅改造王」！網友將客廳變叢林,https://www.hk01.com/開罐/288575/台版-超級全能住宅改造王-網友將客廳變叢林

【華為孟晚舟】加拿大不應盲從美國,https://www.hk01.com/01觀點/289411/華為孟晚舟-加拿大不應盲從美國

,https://www.hk01.com/第二身/289569/sub9ulture-by-heyo-福建仔-總有一位係左近

,https://www.hk01.com/18區新聞/286067/龍蟠苑更換鹹水喉-房署拖足8年唔肯夾32萬-稱-文件未齊

【一格擺兩遺體】殮房火葬場都爆倉　行內人︰三四副靈柩等入禮堂,https://www.hk01.com/18區新聞/289628/一格擺兩遺體-殮房火葬場都爆倉-行內人-三四副靈柩等入禮堂

【2019農曆新年】唔係蛇齋餅糭　九巴巡迴各區向長者派臘腸,https://www.hk01.com/18區新聞/289549/2019農曆新年-唔係蛇齋餅糭-九巴巡迴各區向長者派臘腸

,https://www.hk01.com/即時體育/221095/英超直播賽程-及時雨孫興慜回歸熱刺-迎屈福特誓報首循環之仇

,https://www.hk01.com/談情說性/288617/奧斯卡-真寵-女人的戰爭-即使甘願被利用-也無法換取愛

,https://www.hk01.com/第二身/289083/熟年紋身-alessandro-manfredini-突破年齡的紋身愛好者

,https://www.hk01.com/知性女生/289737/遲到最自私-無須找藉口-時時遲到的人-原來在想這些

【胡杏兒】宣布懷「豬BB」　拍拖以結婚為前提：他教我做回小孩,https://www.hk01.com/談情說性/289503/胡杏兒-宣布懷-豬bb-拍拖以結婚為前提-他教我做回小孩

,https://www.hk01.com/紀實/289770/年宵2019-圖輯-豬仔-桃花-風車-美食-維園年宵熱鬧迎新年

媽媽辛苦了！丹麥媽媽生完3胞胎肚皮勁鬆馳　IG誠實分享引共鳴,https://www.hk01.com/熱爆話題/289486/媽媽辛苦了-丹麥媽媽生完3胞胎肚皮勁鬆馳-ig誠實分享引共鳴

,https://www.hk01.com/即時娛樂/289112/蘇施黃原來同黃心穎好老友-搞生日宴仲送埋蛋糕慶生

,https://www.hk01.com/開罐/288575/台版-超級全能住宅改造王-網友將客廳變叢林

,https://www.hk01.com/世界說/289760/日本人提早賞櫻-ar櫻花展一樣咁靚

退休夫婦「基本算術」破解彩票　10年狂賺2億　故事進軍荷里活,https://www.hk01.com/熱爆話題/288851/退休夫婦-基本算術-破解彩票-10年狂賺2億-故事進軍荷里活

,https://www.hk01.com/分析評論/289784/和事佬美國走了-日韓關係正面對撞

【01眾故事】鄭伊健與長髮劃上等號　剃光頭立即失業一年,https://www.hk01.com/樂壇實況/288717/01眾故事-鄭伊健與長髮劃上等號-剃光頭立即失業一年

和事佬美國走了　日韓關係正面對撞,https://www.hk01.com/分析評論/289784/和事佬美國走了-日韓關係正面對撞

,https://www.hk01.com/親子/289416/農曆新年-賀年食物健康之選-蒸糕點代替煎炸

,https://www.hk01.com/財經快訊/289793/阿里第3季按非會計準則溢利約298億元人民幣-增逾1成-優於預期

台滷肉餐廳設免費愛心餐　助弱勢飽暖過年　食客支持：散銀唔使找,https://www.hk01.com/熱爆話題/289508/台滷肉餐廳設免費愛心餐-助弱勢飽暖過年-食客支持-散銀唔使找

,https://www.hk01.com/即時體育/289816/足球-戴偉浚外借烏德勒支b隊-牛津聯教練-對他好的經驗

,https://www.hk01.com/

甘地：真理遠比任何武器更具威力 (01/30),https://www.hk01.com/哲學/68157/甘地-真理遠比任何武器更具威力-01-30

廚師涉兩姦印傭案　辯稱肚腩大未成事　被裁罪成激動大呼無天理,https://www.hk01.com/社會新聞/289742/廚師涉兩姦印傭案-辯稱肚腩大未成事-被裁罪成激動大呼無天理

,https://www.hk01.com/樂壇實況/288717/01眾故事-鄭伊健與長髮劃上等號-剃光頭立即失業一年

,https://www.hk01.com/突發/289853/惡男駕私家車闖城巴車場被阻-拍片爆粗圖公審職員-反被網民圍攻

,https://www.hk01.com/18區新聞/289628/一格擺兩遺體-殮房火葬場都爆倉-行內人-三四副靈柩等入禮堂

,https://www.hk01.com/談情說性/289503/胡杏兒-宣布懷-豬bb-拍拖以結婚為前提-他教我做回小孩

【百姓煉成吳業坤】吳業坤回到從前　將音樂變事業是最大幸福,https://www.hk01.com/樂壇實況/289674/百姓煉成吳業坤-吳業坤回到從前-將音樂變事業是最大幸福

【專欄】波爾多圍牆也抵擋不住　中菜配紅酒的味蕾攻擊 | 九鼻子,https://www.hk01.com/形而/289497/專欄-波爾多圍牆也抵擋不住-中菜配紅酒的味蕾攻擊-九鼻子

【年宵花市2019】直擊維園年宵設緣分扭蛋機　驚見任何人變任何豬,https://www.hk01.com/知性女生/289629/年宵花市2019-直擊維園年宵設緣分扭蛋機-驚見任何人變任何豬

為騙千萬保險金　台冷血大學生與後父眼睜睜看着親生阿媽墜崖死,https://www.hk01.com/台灣新聞/289686/為騙千萬保險金-台冷血大學生與後父眼睜睜看着親生阿媽墜崖死

,https://www.hk01.com/分析評論/289577/劉鶴-赴美不訪美-的玄機-中美貿易談判形勢樂觀

,https://www.hk01.com/熱爆話題/289579/內地初生嬰肚臍鼓起-父竟拿刀劃開-放氣-馬上掉出半米長小腸

,https://www.hk01.com/宏觀解讀/289805/議息前瞻-美聯儲加息機率僅1-市場聚焦會否提早終止-縮表

【有創意】Last Day玩大啲？　巴西銀行職員變身蜘蛛俠大鬧辦公室,https://www.hk01.com/熱爆話題/289618/有創意-last-day玩大啲-巴西銀行職員變身蜘蛛俠大鬧辦公室

,https://www.hk01.com/社會新聞/289817/有片-星光大道終重開-增ar技術與李小龍對戰

,https://www.hk01.com/財經快訊/289818/周黑鴨盈警-料去年純利跌約30

,https://www.hk01.com/

日本人提早賞櫻？　AR櫻花展一樣咁靚,https://www.hk01.com/世界說/289760/日本人提早賞櫻-ar櫻花展一樣咁靚

【買新鞋】奧斯卡影帝收藏了40雙　那些令人著迷的名匠們,https://www.hk01.com/形而/289684/買新鞋-奧斯卡影帝收藏了40雙-那些令人著迷的名匠們

,https://www.hk01.com/知性女生/289629/年宵花市2019-直擊維園年宵設緣分扭蛋機-驚見任何人變任何豬

【蔡東豪專欄】老闆照搬管理書理論　打工仔噩夢,https://www.hk01.com/周報/288901/蔡東豪專欄-老闆照搬管理書理論-打工仔噩夢

,https://www.hk01.com/周報/288901/蔡東豪專欄-老闆照搬管理書理論-打工仔噩夢

,https://www.hk01.com/旅遊/288664/東京魚市場-豐洲vs築地大比併-睇吞拿魚拍賣-搵小店去邊好

【10年挑戰肌膚不老？】Clinique iDTM肌底液 逆齡挑戰白滑健康肌,https://www.hk01.com/知性女生/289683/10年挑戰肌膚不老-clinique-idtm肌底液-逆齡挑戰白滑健康肌

,https://www.hk01.com/樂壇實況/289674/百姓煉成吳業坤-吳業坤回到從前-將音樂變事業是最大幸福

,https://www.hk01.com/知性女生/289683/10年挑戰肌膚不老-clinique-idtm肌底液-逆齡挑戰白滑健康肌

【尖東酒店下午茶】二人同行$498又食又拎　$300禮物美肌兼補濕,https://www.hk01.com/飲食/289572/尖東酒店下午茶-二人同行-498又食又拎-300禮物美肌兼補濕

【2019豬年十二生肖運程】蘇民峰評運勢排名　教你催財運健康運,https://www.hk01.com/職場/280055/2019豬年十二生肖運程-蘇民峰評運勢排名-教你催財運健康運

警民關係縱有改善　警方仍須增加透明度,https://www.hk01.com/01觀點/289647/警民關係縱有改善-警方仍須增加透明度

,https://www.hk01.com/社會新聞/289831/豬年2019-年宵競爭大-維園eason唱金曲-皇仁男團show肌吸客

網傳高鐵依賴日本螺絲　官方：佔量極少、發明者從中國榫卯獲靈感,https://www.hk01.com/議事廳/289836/網傳高鐵依賴日本螺絲-官方-佔量極少-發明者從中國榫卯獲靈感

【演唱會評論】張學友強調自己係經典歌　其實金曲唔會因時間變老,https://www.hk01.com/即時娛樂/289610/演唱會評論-張學友強調自己係經典歌-其實金曲唔會因時間變老

,https://www.hk01.com/財經快訊/289808/阿里巴巴3大方向撑增長-張勇-新投資需與電商業務具協同效應

,https://www.hk01.com/遊戲動漫/289530/biohazard-re2-生化危機2-攻略-leon-claire全武器及配件取得法

周黑鴨盈警　料去年純利跌約30%,https://www.hk01.com/財經快訊/289818/周黑鴨盈警-料去年純利跌約30

,https://www.hk01.com/行走中國/289393/圖輯-西安騎呢-變臉兵馬俑-爆紅-官方稱因被罵太多將移除

蘇施黃原來同黃心穎好老友　搞生日宴仲送埋蛋糕慶生？,https://www.hk01.com/即時娛樂/289112/蘇施黃原來同黃心穎好老友-搞生日宴仲送埋蛋糕慶生

,https://www.hk01.com/熱爆話題/288957/酒池肉林再進化-杭州酒店推九宮格火鍋溫泉-浸辣椒香蕉歎豬肉串

【盈警】華信金融料去年虧損大增至少250%,https://www.hk01.com/財經快訊/289780/盈警-華信金融料去年虧損大增至少250

,https://www.hk01.com/世界說/289743/掌知識-太空旅行團-2019年出發

,https://www.hk01.com/紀實/289576/影像背後-在凶險萬分的加沙邊境-12歲男孩失去了右眼

【3分鐘放送】林二汶談音樂創作 所有事都可以變靈感,https://www.hk01.com/樂壇實況/289601/3分鐘放送-林二汶談音樂創作-所有事都可以變靈感

【性蕭條．五】性產業升級轉型　日本銀髮族成消費主力,https://www.hk01.com/世界說/288699/性蕭條-五-性產業升級轉型-日本銀髮族成消費主力

,https://www.hk01.com/即時國際/289844/不滿情報部門唱反調-特朗普-他們很錯很天真

阿里巴巴3大方向撑增長　張勇：新投資需與電商業務具協同效應,https://www.hk01.com/財經快訊/289808/阿里巴巴3大方向撑增長-張勇-新投資需與電商業務具協同效應

,https://www.hk01.com/18區新聞/289549/2019農曆新年-唔係蛇齋餅糭-九巴巡迴各區向長者派臘腸

【東京魚市場】豐洲VS築地大比併！睇吞拿魚拍賣、搵小店去邊好？,https://www.hk01.com/旅遊/288664/東京魚市場-豐洲vs築地大比併-睇吞拿魚拍賣-搵小店去邊好

【性蕭條．四】日本「低慾望社會」　性產業卻發展蓬勃,https://www.hk01.com/世界說/288686/性蕭條-四-日本-低慾望社會-性產業卻發展蓬勃

,https://www.hk01.com/樂壇實況/289756/01眾樂迷-許廷鏗-偽人-探討愛情陰暗面-一句歌詞直擊痛處

【掌知識】太空旅行團　2019年出發？,https://www.hk01.com/世界說/289743/掌知識-太空旅行團-2019年出發

【奧斯卡】《真寵》女人的戰爭：即使甘願被利用　也無法換取愛　,https://www.hk01.com/談情說性/288617/奧斯卡-真寵-女人的戰爭-即使甘願被利用-也無法換取愛

,https://www.hk01.com/突發/289861/原訂今年結婚-任職財經顧問男子-被同居女友揭燒炭亡

,https://www.hk01.com/樂壇實況/289601/3分鐘放送-林二汶談音樂創作-所有事都可以變靈感

【Marvel隊長】俄版最新預告暗藏玄機　Brie Larson打電話搵邊個,https://www.hk01.com/電影/289500/marvel隊長-俄版最新預告暗藏玄機-brie-larson打電話搵邊個

原訂今年結婚　任職財經顧問男子　被同居女友揭燒炭亡,https://www.hk01.com/突發/289861/原訂今年結婚-任職財經顧問男子-被同居女友揭燒炭亡

,https://www.hk01.com/紀實/289576/影像背後-在凶險萬分的加沙邊境-12歲男孩失去了右眼

,https://www.hk01.com/台灣新聞/289686/為騙千萬保險金-台冷血大學生與後父眼睜睜看着親生阿媽墜崖死

【熟年紋身】 ALESSANDRO MANFREDINI．突破年齡的紋身愛好者,https://www.hk01.com/第二身/289083/熟年紋身-alessandro-manfredini-突破年齡的紋身愛好者

【港足日與夜．盧均宜】轉投富力半季之得失　理想與家庭的抉擇,https://www.hk01.com/即時體育/264890/港足日與夜-盧均宜-轉投富力半季之得失-理想與家庭的抉擇

,https://www.hk01.com/財經快訊/289780/盈警-華信金融料去年虧損大增至少250

,https://www.hk01.com/外媒視點/289636/劉鶴率團赴美談判之際孟晚舟被起訴-日媒-中國克制對美怒火

【足球】戴偉浚外借烏德勒支B隊　牛津聯教練：「對他好的經驗」,https://www.hk01.com/即時體育/289816/足球-戴偉浚外借烏德勒支b隊-牛津聯教練-對他好的經驗

龍蟠苑更換鹹水喉　房署拖足8年唔肯夾32萬　稱︰文件未齊,https://www.hk01.com/18區新聞/286067/龍蟠苑更換鹹水喉-房署拖足8年唔肯夾32萬-稱-文件未齊

,https://www.hk01.com/即時體育/264890/港足日與夜-盧均宜-轉投富力半季之得失-理想與家庭的抉擇

,https://www.hk01.com/大國小事/289679/有片-香港警察開微博獲追捧-內地粉絲狂recite警匪片對白洗版

【農曆新年】 賀年食物健康之選　蒸糕點代替煎炸,https://www.hk01.com/親子/289416/農曆新年-賀年食物健康之選-蒸糕點代替煎炸

,https://www.hk01.com/熱爆話題/288851/退休夫婦-基本算術-破解彩票-10年狂賺2億-故事進軍荷里活

斜槓族：零散化社會的生存選擇｜思兼,https://www.hk01.com/哲學/289718/斜槓族-零散化社會的生存選擇-思兼

【豬年2019】年宵競爭大　維園Eason唱金曲　皇仁男團show肌吸客,https://www.hk01.com/社會新聞/289831/豬年2019-年宵競爭大-維園eason唱金曲-皇仁男團show肌吸客

,https://www.hk01.com/政情/289264/派錢4000-交表者注意-政府大增收表範圍-附全份地點清單

,https://www.hk01.com/議事廳/289836/網傳高鐵依賴日本螺絲-官方-佔量極少-發明者從中國榫卯獲靈感

收緊長者綜援在即　立法會最後通牒　羅致光仍在賣弄語言「偽」術,https://www.hk01.com/01觀點/289208/收緊長者綜援在即-立法會最後通牒-羅致光仍在賣弄語言-偽-術

【遲到最自私】無須找藉口　時時遲到的人　原來在想這些……,https://www.hk01.com/知性女生/289737/遲到最自私-無須找藉口-時時遲到的人-原來在想這些

,https://www.hk01.com/01觀點/289208/收緊長者綜援在即-立法會最後通牒-羅致光仍在賣弄語言-偽-術

,https://www.hk01.com/即時體育/289810/歐聯-psg公布尼馬復出期-保守療法休10周-鐵定缺陣鬥曼聯

,https://www.hk01.com/哲學/68157/甘地-真理遠比任何武器更具威力-01-30

,https://www.hk01.com/電影/289500/marvel隊長-俄版最新預告暗藏玄機-brie-larson打電話搵邊個

【01眾樂迷】許廷鏗《偽人》探討愛情陰暗面　一句歌詞直擊痛處,https://www.hk01.com/樂壇實況/289756/01眾樂迷-許廷鏗-偽人-探討愛情陰暗面-一句歌詞直擊痛處

魂限METAL BUILD 正義女神高達 附原創巨炮GN High Mega Launcher,https://www.hk01.com/遊戲動漫/289233/魂限metal-build-正義女神高達-附原創巨炮gn-high-mega-launcher

惡男駕私家車闖城巴車場被阻　拍片爆粗圖公審職員　反被網民圍攻,https://www.hk01.com/突發/289853/惡男駕私家車闖城巴車場被阻-拍片爆粗圖公審職員-反被網民圍攻

【議息前瞻】美聯儲加息機率僅1%　市場聚焦會否提早終止「縮表」,https://www.hk01.com/宏觀解讀/289805/議息前瞻-美聯儲加息機率僅1-市場聚焦會否提早終止-縮表

【年宵2019】旺角花墟年宵開鑼！盤點多款小食燒蠔松露鮑魚撈...,https://www.hk01.com/飲食/289814/年宵2019-旺角花墟年宵開鑼-盤點多款小食燒蠔松露鮑魚撈

,https://www.hk01.com/即時娛樂/289610/演唱會評論-張學友強調自己係經典歌-其實金曲唔會因時間變老

【豬年2019】銀聯雲閃付贊助維園年宵快餐檔　無得用八達通付款,https://www.hk01.com/社會新聞/289273/豬年2019-銀聯雲閃付贊助維園年宵快餐檔-無得用八達通付款

【01眾樂迷】香港唱片最後一店將結業　開業34年終成港人回憶,https://www.hk01.com/樂壇實況/289138/01眾樂迷-香港唱片最後一店將結業-開業34年終成港人回憶

,https://www.hk01.com/形而/289497/專欄-波爾多圍牆也抵擋不住-中菜配紅酒的味蕾攻擊-九鼻子

【有片】香港警察開微博獲追捧　內地粉絲狂recite警匪片對白洗版,https://www.hk01.com/大國小事/289679/有片-香港警察開微博獲追捧-內地粉絲狂recite警匪片對白洗版

【年宵2019．圖輯】豬仔、桃花、風車、美食　維園年宵熱鬧迎新年,https://www.hk01.com/紀實/289770/年宵2019-圖輯-豬仔-桃花-風車-美食-維園年宵熱鬧迎新年

阿里第3季按非會計準則溢利約298億元人民幣　增逾1成　優於預期,https://www.hk01.com/財經快訊/289793/阿里第3季按非會計準則溢利約298億元人民幣-增逾1成-優於預期

,https://www.hk01.com/扭耳仔/289820/show-後煙-白目樂隊-可笑的一天-小糕-終於可以穿衣服拍戲

【英超直播賽程】及時雨孫興慜回歸熱刺　迎屈福特誓報首循環之仇,https://www.hk01.com/即時體育/221095/英超直播賽程-及時雨孫興慜回歸熱刺-迎屈福特誓報首循環之仇

,https://www.hk01.com/即時中國/289527/宮鬥劇有罪-停播-延禧-如懿傳-內媒-各間衞視已接通知

首頁,https://www.hk01.com/

劉鶴率團赴美談判之際孟晚舟被起訴　日媒：中國克制對美怒火,https://www.hk01.com/外媒視點/289636/劉鶴率團赴美談判之際孟晚舟被起訴-日媒-中國克制對美怒火

【影像背後】在凶險萬分的加沙邊境　12歲男孩失去了右眼,https://www.hk01.com/紀實/289576/影像背後-在凶險萬分的加沙邊境-12歲男孩失去了右眼

【圖輯】西安騎呢「變臉兵馬俑」爆紅　官方稱因被罵太多將移除,https://www.hk01.com/行走中國/289393/圖輯-西安騎呢-變臉兵馬俑-爆紅-官方稱因被罵太多將移除

【Sub9ulture by HEYO】福建仔・總有一位係左近,https://www.hk01.com/第二身/289569/sub9ulture-by-heyo-福建仔-總有一位係左近

,https://www.hk01.com/熱爆話題/289508/台滷肉餐廳設免費愛心餐-助弱勢飽暖過年-食客支持-散銀唔使找

,https://www.hk01.com/社會新聞/289273/豬年2019-銀聯雲閃付贊助維園年宵快餐檔-無得用八達通付款

不滿情報部門唱反調　特朗普：他們很錯很天真,https://www.hk01.com/即時國際/289844/不滿情報部門唱反調-特朗普-他們很錯很天真

,https://www.hk01.com/熱爆話題/289618/有創意-last-day玩大啲-巴西銀行職員變身蜘蛛俠大鬧辦公室

,https://www.hk01.com/01觀點/289411/華為孟晚舟-加拿大不應盲從美國

,https://www.hk01.com/世界說/288686/性蕭條-四-日本-低慾望社會-性產業卻發展蓬勃

【有片】星光大道終重開　增AR技術與李小龍對戰,https://www.hk01.com/社會新聞/289817/有片-星光大道終重開-增ar技術與李小龍對戰

劉鶴「赴美不訪美」的玄機：中美貿易談判形勢樂觀？,https://www.hk01.com/分析評論/289577/劉鶴-赴美不訪美-的玄機-中美貿易談判形勢樂觀

酒池肉林再進化！杭州酒店推九宮格火鍋溫泉　浸辣椒香蕉歎豬肉串,https://www.hk01.com/熱爆話題/288957/酒池肉林再進化-杭州酒店推九宮格火鍋溫泉-浸辣椒香蕉歎豬肉串

,https://www.hk01.com/職場/280055/2019豬年十二生肖運程-蘇民峰評運勢排名-教你催財運健康運

【宮鬥劇有罪】停播《延禧》《如懿傳》　內媒：各間衞視已接通知,https://www.hk01.com/即時中國/289527/宮鬥劇有罪-停播-延禧-如懿傳-內媒-各間衞視已接通知

BioHazard RE2 生化危機2 攻略：Leon／Claire全武器及配件取得法,https://www.hk01.com/遊戲動漫/289530/biohazard-re2-生化危機2-攻略-leon-claire全武器及配件取得法

,https://www.hk01.com/社會新聞/289742/廚師涉兩姦印傭案-辯稱肚腩大未成事-被裁罪成激動大呼無天理

,https://www.hk01.com/突發/289824/拾荒伯猝死-野宿十年-孤單張伯-渠邊猝死-身上僅餘1500元

,https://www.hk01.com/哲學/289718/斜槓族-零散化社會的生存選擇-思兼

【拾荒伯猝死】野宿十年　孤單張伯　渠邊猝死　身上僅餘1500元　,https://www.hk01.com/突發/289824/拾荒伯猝死-野宿十年-孤單張伯-渠邊猝死-身上僅餘1500元

【賣萌】駐港部隊排出Peppa Pig造型拜年　網友：為何不用麥兜,https://www.hk01.com/即時中國/291100/賣萌-駐港部隊排出peppa-pig造型拜年-網友-為何不用麥兜

【2019豬年十二生肖運程】蘇民峰評運勢排名　教你催財運健康運,https://www.hk01.com/職場/280055/2019豬年十二生肖運程-蘇民峰評運勢排名-教你催財運健康運

【01眾樂迷】許廷鏗《偽人》探討愛情陰暗面　一句歌詞直擊痛處,https://www.hk01.com/樂壇實況/289756/01眾樂迷-許廷鏗-偽人-探討愛情陰暗面-一句歌詞直擊痛處

,https://www.hk01.com/即時體育/291065/菁英盃-林樂勤20歲生日再轟世界波-夢想挫富力兩連勝

,https://www.hk01.com/知性女生/290643/netflix-權力遊戲-喪屍版-讓人心跳加速的-李屍朝鮮

,https://www.hk01.com/飲食/290816/脆麻花食譜-賀年小食油器-一張雲吞皮扭麻花香甜卜卜脆

另類10 Years Challenge畢彼特輸畀歲月　只有佢好似食咗防腐劑,https://www.hk01.com/即時娛樂/291105/另類10-years-challenge畢彼特輸畀歲月-只有佢好似食咗防腐劑

首頁,https://www.hk01.com/

【街跑媽媽】留一份自信給媽媽　教仔旁人別給太多意見│Shirley,https://www.hk01.com/親子/290210/街跑媽媽-留一份自信給媽媽-教仔旁人別給太多意見-shirley

,https://www.hk01.com/樂壇實況/290807/唔編唔聽-值得放棄-太難考起符致逸-編曲重點逐個解你聽

【𨋢槽輕生】馬鞍山富安花園電梯技工住客　疑持𨋢匙開門墮槽底亡,https://www.hk01.com/突發/290960/𨋢槽輕生-馬鞍山富安花園電梯技工住客-疑持𨋢匙開門墮槽底亡

,https://www.hk01.com/樂壇實況/289756/01眾樂迷-許廷鏗-偽人-探討愛情陰暗面-一句歌詞直擊痛處

,https://www.hk01.com/

日本「不動鳥」紅爆動物園　霸氣外露樣謀殺菲林,https://www.hk01.com/世界說/291021/日本-不動鳥-紅爆動物園-霸氣外露樣謀殺菲林

,https://www.hk01.com/社區專題/276072/跨性別覆核案敗訴-跨仔henry真名告政府-只想香港承認自己

,https://www.hk01.com/遊戲動漫/290695/kingdom-hearts-iii-王國之心3攻略-全keyblade武器取得及評價

【上環美食】緣屋元祖蝦濃湯拉麵！限定櫻花蝦炸雞+芝士薯餅,https://www.hk01.com/飲食/289974/上環美食-緣屋元祖蝦濃湯拉麵-限定櫻花蝦炸雞-芝士薯餅

,https://www.hk01.com/樂壇實況/289733/01眾樂迷-後生仔入行要咩條件-90後音樂人-做音樂要有主見

,https://www.hk01.com/影像熱話/289664/國際影像-水牛踏雪尋溫泉-潔淨身體癒合傷口-身心暖笠笠

,https://www.hk01.com/開罐/286521/krystal鄭秀晶-影相技巧大公開-學識5招即做ig女神

,https://www.hk01.com/社會新聞/290962/豬年2019-維園年宵大量桃花棄回收站-檔主嘆天氣不從人願

,https://www.hk01.com/談情說性/289744/容祖兒劉浩龍分手-再見5年情亦是朋友-你快樂-所以我快樂

,https://www.hk01.com/周報/290272/科技-未來-人工智能結合生前數據-人類可得-永生

,https://www.hk01.com/突發/290960/𨋢槽輕生-馬鞍山富安花園電梯技工住客-疑持𨋢匙開門墮槽底亡

,https://www.hk01.com/社會新聞/290640/派錢4000蚊-周六-日也可交表-即睇地點及開放時間-附地圖

【01眾樂迷】後生仔入行要咩條件？　90後音樂人：做音樂要有主見,https://www.hk01.com/樂壇實況/289733/01眾樂迷-後生仔入行要咩條件-90後音樂人-做音樂要有主見

,https://www.hk01.com/即時娛樂/291105/另類10-years-challenge畢彼特輸畀歲月-只有佢好似食咗防腐劑

,https://www.hk01.com/飲食/289974/上環美食-緣屋元祖蝦濃湯拉麵-限定櫻花蝦炸雞-芝士薯餅

,https://www.hk01.com/01觀點/290679/公立醫院逼爆-是新移民的錯

,https://www.hk01.com/熱爆話題/290580/亞洲首對成功分割連體嬰-42歲哥哥逝世-弟弟-代替哥哥活下去

中國電腦製造業去年利潤按年增4.7%,https://www.hk01.com/財經快訊/291044/中國電腦製造業去年利潤按年增4-7

,https://www.hk01.com/熱爆話題/290965/發酒癲-連登仔列瘋狂事迹-剃人頭髮用膠水黐回-又自爆包二奶

,https://www.hk01.com/地產樓市/290059/荃灣西租盤混戰-海之戀租金創新低-業主嘆慢板-租客背景最重要

【KINGDOM HEARTS III】王國之心3攻略 全Keyblade武器取得及評價,https://www.hk01.com/遊戲動漫/290695/kingdom-hearts-iii-王國之心3攻略-全keyblade武器取得及評價

,https://www.hk01.com/社會新聞/290844/派錢4000蚊-兩年未用完將計入公屋申請人資產-小心超額被dq

【豬年2019】維園年宵大量桃花棄回收站　檔主嘆天氣不從人願,https://www.hk01.com/社會新聞/290962/豬年2019-維園年宵大量桃花棄回收站-檔主嘆天氣不從人願

,https://www.hk01.com/熱爆話題/290920/帽事嘅-點睇都唔似-台男揭兒子非親生白養8年-離婚獲賠20萬

【科技．未來】以數碼化身得「永生」　技術與數據監管成疑,https://www.hk01.com/周報/290273/科技-未來-以數碼化身得-永生-技術與數據監管成疑

,https://www.hk01.com/談情說性/285610/愛情心理測驗-愛上了就不顧一切-你的癡情指數是

,https://www.hk01.com/財經快訊/291044/中國電腦製造業去年利潤按年增4-7

,https://www.hk01.com/

,https://www.hk01.com/影像熱話/289664/國際影像-水牛踏雪尋溫泉-潔淨身體癒合傷口-身心暖笠笠

亞洲首對成功分割連體嬰　42歲哥哥逝世　弟弟：代替哥哥活下去,https://www.hk01.com/熱爆話題/290580/亞洲首對成功分割連體嬰-42歲哥哥逝世-弟弟-代替哥哥活下去

,https://www.hk01.com/01觀點/290758/中證監提前-發紅包-連發三招撑起a股

【攝影展覽】HKU Space畢業展　100張照片探討社會、家庭和自身,https://www.hk01.com/攝影界/286601/攝影展覽-hku-space畢業展-100張照片探討社會-家庭和自身

【卡樂B手榴彈】71年老店經典廣告集體回憶　三箱法國薯仔被隔離,https://www.hk01.com/突發/290939/卡樂b手榴彈-71年老店經典廣告集體回憶-三箱法國薯仔被隔離

【封殺華為】德媒：5G攸關數碼革命　不應持幼稚態度視中國為敵人,https://www.hk01.com/外媒視點/290156/封殺華為-德媒-5g攸關數碼革命-不應持幼稚態度視中國為敵人

【台南分屍案】恐怖情人FB上外形開朗　警跟蹤發現其一腳踏多船,https://www.hk01.com/台灣新聞/290997/台南分屍案-恐怖情人fb上外形開朗-警跟蹤發現其一腳踏多船

,https://www.hk01.com/熱爆話題/290903/煙霧彌漫-大叔輕鐵煲煙-乘客慘食二手煙-事主-人人係咁避

【派錢4000蚊】周六、日也可交表！即睇地點及開放時間（附地圖）,https://www.hk01.com/社會新聞/290640/派錢4000蚊-周六-日也可交表-即睇地點及開放時間-附地圖

,https://www.hk01.com/樂壇實況/290731/01眾樂迷-王祖藍john-laudon-主理-你咪理-我愛你-歌舞賀歲

【脆麻花食譜】賀年小食油器　一張雲吞皮扭麻花香甜卜卜脆,https://www.hk01.com/飲食/290816/脆麻花食譜-賀年小食油器-一張雲吞皮扭麻花香甜卜卜脆

麥當勞失Big Mac歐盟商標權　漢堡王大大力抽水,https://www.hk01.com/世界說/290992/麥當勞失big-mac歐盟商標權-漢堡王大大力抽水

【Krystal鄭秀晶】影相技巧大公開！學識5招即做IG女神,https://www.hk01.com/開罐/286521/krystal鄭秀晶-影相技巧大公開-學識5招即做ig女神

,https://www.hk01.com/熱爆話題/290967/中央政法委反貪腐宣傳片-疑抄襲超級馬里奧-日媒報道後急下架

,https://www.hk01.com/哲學/290649/屍殺片場-中道革命者自掘墳墓-gershom-lim

,https://www.hk01.com/一物/290792/auralee-為一塊布料遠赴蒙古睇駱駝-日牌主理人就是這樣瘋狂

,https://www.hk01.com/熱爆話題/290974/日女童被父虐待致死-揭生前填問卷-我被父施暴-老師可以幫我嗎

【樓奴】絲打出文力撐公屋男友「貼地」　節儉會感恩仲識換水喉,https://www.hk01.com/熱爆話題/291078/樓奴-絲打出文力撐公屋男友-貼地-節儉會感恩仲識換水喉

,https://www.hk01.com/遊戲動漫/290995/任天堂-line開發手遊-dr-mario-world-預定19年初夏推出

【古紋化】菲律賓部落圖騰的意義,https://www.hk01.com/第二身/290627/古紋化-菲律賓部落圖騰的意義

,https://www.hk01.com/攝影界/286601/攝影展覽-hku-space畢業展-100張照片探討社會-家庭和自身

海航售最後一幅啟德地予會德豐　涉資68.89億　賬蝕逾5億,https://www.hk01.com/地產樓市/290845/海航售最後一幅啟德地予會德豐-涉資68-89億-賬蝕逾5億

,https://www.hk01.com/即時國際/290999/新聞教室-特朗普再-退谷-回顧這些年美國退出的條約協議

【年宵2019】兔耳仔帽大熱　小朋友讚可愛　盼新年學業進步,https://www.hk01.com/社會新聞/291096/年宵2019-兔耳仔帽大熱-小朋友讚可愛-盼新年學業進步

,https://www.hk01.com/即時體育/290968/亞洲盃-卡塔爾封王教練出身巴塞體系-感謝-神算-沙維支持

任天堂、Line開發手遊《Dr. Mario World》　預定19年初夏推出,https://www.hk01.com/遊戲動漫/290995/任天堂-line開發手遊-dr-mario-world-預定19年初夏推出

荃灣西租盤混戰　海之戀租金創新低　業主嘆慢板︰租客背景最重要,https://www.hk01.com/地產樓市/290059/荃灣西租盤混戰-海之戀租金創新低-業主嘆慢板-租客背景最重要

,https://www.hk01.com/地產樓市/290060/直擊-多圖-荃灣西租盤對撼-海之戀vs柏傲灣-揭4大留神位

公立醫院逼爆　是新移民的錯？,https://www.hk01.com/01觀點/290679/公立醫院逼爆-是新移民的錯

喬伊斯︰尤利西斯的意識流諷刺 (02/02),https://www.hk01.com/哲學/69187/喬伊斯-尤利西斯的意識流諷刺-02-02

【AURALEE】為一塊布料遠赴蒙古睇駱駝　日牌主理人就是這樣瘋狂,https://www.hk01.com/一物/290792/auralee-為一塊布料遠赴蒙古睇駱駝-日牌主理人就是這樣瘋狂

中證監提前「發紅包」　連發三招撑起A股,https://www.hk01.com/01觀點/290758/中證監提前-發紅包-連發三招撑起a股

,https://www.hk01.com/台灣新聞/290919/姊弟戀-不滿晚上與他人出遊-台南漢勒斃女友分屍6大塊棄草叢

【垃圾徵費試行】增回收桶、派綠色垃圾袋　屋苑半年垃圾少兩成　,https://www.hk01.com/社區專題/290317/垃圾徵費試行-增回收桶-派綠色垃圾袋-屋苑半年垃圾少兩成

Sony上季多賺45%　惟PS4銷量倒跌　拖累遊戲業務盈利跌14%,https://www.hk01.com/財經快訊/290905/sony上季多賺45-惟ps4銷量倒跌-拖累遊戲業務盈利跌14

【愛情心理測驗】愛上了就不顧一切？ 你的癡情指數是...,https://www.hk01.com/談情說性/285610/愛情心理測驗-愛上了就不顧一切-你的癡情指數是

,https://www.hk01.com/親子/290210/街跑媽媽-留一份自信給媽媽-教仔旁人別給太多意見-shirley

,https://www.hk01.com/即時體育/221095/英超直播賽程-曼城力追利物浦非勝不可-客軍阿仙奴上半場慢熱

小學課業評改為何嚴格苛刻？,https://www.hk01.com/01觀點/290756/小學課業評改為何嚴格苛刻

,https://www.hk01.com/分析評論/290710/中美貿易談判-休戰期一個月倒數-最後點解要搞場-習特會

【英超直播賽程】曼城力追利物浦非勝不可　客軍阿仙奴上半場慢熱,https://www.hk01.com/即時體育/221095/英超直播賽程-曼城力追利物浦非勝不可-客軍阿仙奴上半場慢熱

,https://www.hk01.com/熱爆話題/291078/樓奴-絲打出文力撐公屋男友-貼地-節儉會感恩仲識換水喉

,https://www.hk01.com/政情/291066/政壇諸事町-駐港領事騷廣東話-拜年兼搞新意思-誰最具創意

【買新鞋】英美手工鞋大不同　做英國公子還是美國紳士？,https://www.hk01.com/形而/290728/買新鞋-英美手工鞋大不同-做英國公子還是美國紳士

,https://www.hk01.com/第二身/289700/古紋化-紋身王子-prince-giolo-三百年前的紋身傳奇

【林秀怡】10年運氣總曇花一現　仍感幸福：至少一刻有人留意我,https://www.hk01.com/知性女生/282588/林秀怡-10年運氣總曇花一現-仍感幸福-至少一刻有人留意我

,https://www.hk01.com/親子/291037/當爸爸比當媽媽要幸福-sci-papa

,https://www.hk01.com/電影/290942/恭喜八婆-上畫兩日獲荷里活監製傾翻拍-彭浩翔-好鍾意個劇本

【帽事嘅】點睇都唔似！台男揭兒子非親生白養8年　離婚獲賠20萬,https://www.hk01.com/熱爆話題/290920/帽事嘅-點睇都唔似-台男揭兒子非親生白養8年-離婚獲賠20萬

,https://www.hk01.com/台灣新聞/290997/台南分屍案-恐怖情人fb上外形開朗-警跟蹤發現其一腳踏多船

【開心速遞】傻強無聲無息被Out　網民接受唔到安凌強壯拆夥,https://www.hk01.com/即時娛樂/290921/開心速遞-傻強無聲無息被out-網民接受唔到安凌強壯拆夥

,https://www.hk01.com/18區新聞/290948/社區自救有回應-漆黑兩年終於做嘢-路政署於鴨脷洲海旁設路燈

網文「月薪1.5萬吃不起車厘子」引熱議　官媒揭販賣焦慮產業鏈,https://www.hk01.com/大國小事/291064/網文-月薪1-5萬吃不起車厘子-引熱議-官媒揭販賣焦慮產業鏈

【中美貿易談判】休戰期一個月倒數　最後點解要搞場「習特會」？,https://www.hk01.com/分析評論/290710/中美貿易談判-休戰期一個月倒數-最後點解要搞場-習特會

【發酒癲】連登仔列瘋狂事迹　剃人頭髮用膠水黐回　又自爆包二奶,https://www.hk01.com/熱爆話題/290965/發酒癲-連登仔列瘋狂事迹-剃人頭髮用膠水黐回-又自爆包二奶

,https://www.hk01.com/第二身/290627/古紋化-菲律賓部落圖騰的意義

,https://www.hk01.com/即時娛樂/290921/開心速遞-傻強無聲無息被out-網民接受唔到安凌強壯拆夥

,https://www.hk01.com/突發/291112/紅磡繞道小巴撞旅巴-小巴司機受傷送院

【妙計儲印花】美孚區議員辦共享印花　換公仔、廚具從此冇難度？,https://www.hk01.com/18區新聞/291017/妙計儲印花-美孚區議員辦共享印花-換公仔-廚具從此冇難度

【亞洲盃】卡塔爾封王教練出身巴塞體系　感謝「神算」沙維支持,https://www.hk01.com/即時體育/290968/亞洲盃-卡塔爾封王教練出身巴塞體系-感謝-神算-沙維支持

,https://www.hk01.com/寵物/290959/奪命蛋糕-狗狗吃布朗尼後虛脫死-獸醫-木糖醇超毒

【煙霧彌漫】大叔輕鐵煲煙　乘客慘食二手煙　事主：人人係咁避！,https://www.hk01.com/熱爆話題/290903/煙霧彌漫-大叔輕鐵煲煙-乘客慘食二手煙-事主-人人係咁避

【科技．未來】人工智能結合生前數據　人類可得「永生」？,https://www.hk01.com/周報/290272/科技-未來-人工智能結合生前數據-人類可得-永生

,https://www.hk01.com/形而/290728/買新鞋-英美手工鞋大不同-做英國公子還是美國紳士

【派錢4000蚊】兩年未用完將計入公屋申請人資產　小心超額被DQ,https://www.hk01.com/社會新聞/290844/派錢4000蚊-兩年未用完將計入公屋申請人資產-小心超額被dq

【奪命蛋糕】狗狗吃布朗尼後虛脫死　獸醫：木糖醇超毒！,https://www.hk01.com/寵物/290959/奪命蛋糕-狗狗吃布朗尼後虛脫死-獸醫-木糖醇超毒

,https://www.hk01.com/樂壇實況/289958/01眾故事-鄭伊健與電影主題曲的不解之緣

,https://www.hk01.com/01觀點/290756/小學課業評改為何嚴格苛刻

【恭喜八婆】上畫兩日獲荷里活監製傾翻拍　彭浩翔：好鍾意個劇本,https://www.hk01.com/電影/290942/恭喜八婆-上畫兩日獲荷里活監製傾翻拍-彭浩翔-好鍾意個劇本

,https://www.hk01.com/職場/280055/2019豬年十二生肖運程-蘇民峰評運勢排名-教你催財運健康運

【新聞背後】美國為何退出中導條約？　意在俄羅斯還是中國,https://www.hk01.com/即時國際/290927/新聞背後-美國為何退出中導條約-意在俄羅斯還是中國

,https://www.hk01.com/外媒視點/290156/封殺華為-德媒-5g攸關數碼革命-不應持幼稚態度視中國為敵人

中央政法委反貪腐宣傳片　疑抄襲超級馬里奧　日媒報道後急下架,https://www.hk01.com/熱爆話題/290967/中央政法委反貪腐宣傳片-疑抄襲超級馬里奧-日媒報道後急下架

,https://www.hk01.com/世界說/290992/麥當勞失big-mac歐盟商標權-漢堡王大大力抽水

,https://www.hk01.com/攝影界/286601/攝影展覽-hku-space畢業展-100張照片探討社會-家庭和自身

【唔編唔聽】《值得放棄》太難考起符致逸？　編曲重點逐個解你聽,https://www.hk01.com/樂壇實況/290807/唔編唔聽-值得放棄-太難考起符致逸-編曲重點逐個解你聽

,https://www.hk01.com/社會新聞/291096/年宵2019-兔耳仔帽大熱-小朋友讚可愛-盼新年學業進步

【國際影像】水牛踏雪尋溫泉　潔淨身體癒合傷口　身心暖笠笠,https://www.hk01.com/影像熱話/289664/國際影像-水牛踏雪尋溫泉-潔淨身體癒合傷口-身心暖笠笠

《屍殺片場》：中道革命者自掘墳墓｜ Gershom Lim,https://www.hk01.com/哲學/290649/屍殺片場-中道革命者自掘墳墓-gershom-lim

,https://www.hk01.com/財經快訊/290905/sony上季多賺45-惟ps4銷量倒跌-拖累遊戲業務盈利跌14

,https://www.hk01.com/大國小事/291064/網文-月薪1-5萬吃不起車厘子-引熱議-官媒揭販賣焦慮產業鏈

,https://www.hk01.com/即時國際/290927/新聞背後-美國為何退出中導條約-意在俄羅斯還是中國

【古紋化】「紋身王子」Prince Giolo・三百年前的紋身傳奇,https://www.hk01.com/第二身/289700/古紋化-紋身王子-prince-giolo-三百年前的紋身傳奇

【01眾樂迷】王祖藍John Laudon 主理《你咪理 我愛你》歌舞賀歲,https://www.hk01.com/樂壇實況/290731/01眾樂迷-王祖藍john-laudon-主理-你咪理-我愛你-歌舞賀歲

,https://www.hk01.com/哲學/69187/喬伊斯-尤利西斯的意識流諷刺-02-02

紅磡繞道小巴撞旅巴　小巴司機受傷送院,https://www.hk01.com/突發/291112/紅磡繞道小巴撞旅巴-小巴司機受傷送院

【01眾故事】鄭伊健與電影主題曲的不解之緣,https://www.hk01.com/樂壇實況/289958/01眾故事-鄭伊健與電影主題曲的不解之緣

【倫敦金】騙徒手法層出不窮　防騙教育已過時,https://www.hk01.com/01觀點/290700/倫敦金-騙徒手法層出不窮-防騙教育已過時

,https://www.hk01.com/社區專題/290317/垃圾徵費試行-增回收桶-派綠色垃圾袋-屋苑半年垃圾少兩成

,https://www.hk01.com/周報/290273/科技-未來-以數碼化身得-永生-技術與數據監管成疑

,https://www.hk01.com/突發/290939/卡樂b手榴彈-71年老店經典廣告集體回憶-三箱法國薯仔被隔離

日女童被父虐待致死　揭生前填問卷：我被父施暴，老師可以幫我嗎,https://www.hk01.com/熱爆話題/290974/日女童被父虐待致死-揭生前填問卷-我被父施暴-老師可以幫我嗎

【新聞教室】特朗普再「退谷」　回顧這些年美國退出的條約協議,https://www.hk01.com/即時國際/290999/新聞教室-特朗普再-退谷-回顧這些年美國退出的條約協議

【Netflix】《權力遊戲》喪屍版：讓人心跳加速的《李屍朝鮮》！,https://www.hk01.com/知性女生/290643/netflix-權力遊戲-喪屍版-讓人心跳加速的-李屍朝鮮

,https://www.hk01.com/知性女生/282588/林秀怡-10年運氣總曇花一現-仍感幸福-至少一刻有人留意我

當爸爸比當媽媽要幸福？！│Sci Papa,https://www.hk01.com/親子/291037/當爸爸比當媽媽要幸福-sci-papa

【直擊．多圖】荃灣西租盤對撼　海之戀VS柏傲灣　揭4大留神位,https://www.hk01.com/地產樓市/290060/直擊-多圖-荃灣西租盤對撼-海之戀vs柏傲灣-揭4大留神位

,https://www.hk01.com/01觀點/290700/倫敦金-騙徒手法層出不窮-防騙教育已過時

,https://www.hk01.com/地產樓市/290845/海航售最後一幅啟德地予會德豐-涉資68-89億-賬蝕逾5億

【姊弟戀】不滿晚上與他人出遊　台南漢勒斃女友分屍6大塊棄草叢,https://www.hk01.com/台灣新聞/290919/姊弟戀-不滿晚上與他人出遊-台南漢勒斃女友分屍6大塊棄草叢

【跨性別覆核案敗訴】跨仔Henry真名告政府：只想香港承認自己,https://www.hk01.com/社區專題/276072/跨性別覆核案敗訴-跨仔henry真名告政府-只想香港承認自己

,https://www.hk01.com/世界說/291021/日本-不動鳥-紅爆動物園-霸氣外露樣謀殺菲林

【容祖兒劉浩龍分手】再見5年情亦是朋友：你快樂　所以我快樂,https://www.hk01.com/談情說性/289744/容祖兒劉浩龍分手-再見5年情亦是朋友-你快樂-所以我快樂

,https://www.hk01.com/即時中國/291100/賣萌-駐港部隊排出peppa-pig造型拜年-網友-為何不用麥兜

【政壇諸事町】駐港領事騷廣東話　拜年兼搞新意思　誰最具創意？,https://www.hk01.com/政情/291066/政壇諸事町-駐港領事騷廣東話-拜年兼搞新意思-誰最具創意

【社區自救有回應】漆黑兩年終於做嘢　路政署於鴨脷洲海旁設路燈,https://www.hk01.com/18區新聞/290948/社區自救有回應-漆黑兩年終於做嘢-路政署於鴨脷洲海旁設路燈

,https://www.hk01.com/18區新聞/291017/妙計儲印花-美孚區議員辦共享印花-換公仔-廚具從此冇難度

【菁英盃】林樂勤20歲生日再轟世界波　夢想挫富力兩連勝,https://www.hk01.com/即時體育/291065/菁英盃-林樂勤20歲生日再轟世界波-夢想挫富力兩連勝

